Model,Run,Pathology,Validation AUC,Test AUC
densenet121,1,Atelectasis,0.6729740847387906,0.6584197924980048
densenet121,1,Cardiomegaly,0.7373684210526316,0.7220122128525734
densenet121,1,Consolidation,0.5353535353535354,0.5078125
densenet121,1,Edema,0.6186868686868687,0.6432160804020101
densenet121,1,Effusion,0.6405141843971631,0.6026315789473684
densenet121,1,Emphysema,0.42666666666666664,0.37743589743589745
densenet121,1,Fibrosis,0.3798720186154741,0.5983645983645984
densenet121,1,Hernia,,0.626057529610829
densenet121,1,Infiltration,0.59,0.6140446379967338
densenet121,1,Mass,0.583934583934584,0.4420572916666667
densenet121,1,Nodule,0.4241302738712065,0.44954928758359985
densenet121,1,Pleural_Thickening,0.543301258327165,0.4932844932844933
densenet121,1,Pneumonia,0.8333333333333333,0.5670572916666666
densenet121,1,Pneumothorax,0.6464646464646464,0.5076530612244898
densenet121,2,Atelectasis,0.525298231180584,0.6342112263899974
densenet121,2,Cardiomegaly,0.7778947368421053,0.7752253562082001
densenet121,2,Consolidation,0.8333333333333334,0.5559895833333334
densenet121,2,Edema,0.6818181818181819,0.8190954773869347
densenet121,2,Effusion,0.7229609929078015,0.5457894736842106
densenet121,2,Emphysema,0.6276923076923078,0.317948717948718
densenet121,2,Fibrosis,0.46538685282140774,0.6734006734006733
densenet121,2,Hernia,,0.793570219966159
densenet121,2,Infiltration,0.6466666666666667,0.5367446924333151
densenet121,2,Mass,0.45358345358345353,0.5013020833333333
densenet121,2,Nodule,0.4552183567727609,0.4289037510904332
densenet121,2,Pleural_Thickening,0.44411547002220575,0.5091575091575091
densenet121,2,Pneumonia,0.6540404040404041,0.5299479166666666
densenet121,2,Pneumothorax,0.7525252525252526,0.524234693877551
densenet121,3,Atelectasis,0.7058823529411765,0.5690343176376695
densenet121,3,Cardiomegaly,0.7368421052631579,0.6894446059901134
densenet121,3,Consolidation,0.7297979797979799,0.630859375
densenet121,3,Edema,0.648989898989899,0.5979899497487438
densenet121,3,Effusion,0.7615248226950355,0.5800000000000001
densenet121,3,Emphysema,0.561025641025641,0.39999999999999997
densenet121,3,Fibrosis,0.493891797556719,0.6127946127946128
densenet121,3,Hernia,,0.4737732656514382
densenet121,3,Infiltration,0.5877777777777778,0.6392669207040464
densenet121,3,Mass,0.5031265031265032,0.42317708333333337
densenet121,3,Nodule,0.5736491487786824,0.47659203256760685
densenet121,3,Pleural_Thickening,0.533678756476684,0.49938949938949945
densenet121,3,Pneumonia,0.7146464646464646,0.5748697916666666
densenet121,3,Pneumothorax,0.6212121212121212,0.6033163265306123
densenet121,4,Atelectasis,0.5364047716988893,0.6456504389465283
densenet121,4,Cardiomegaly,0.7278947368421053,0.7004943297470195
densenet121,4,Consolidation,0.696969696969697,0.6438802083333333
densenet121,4,Edema,0.4949494949494949,0.1959798994974874
densenet121,4,Effusion,0.864804964539007,0.6621052631578948
densenet121,4,Emphysema,0.46974358974358976,0.7794871794871794
densenet121,4,Fibrosis,0.6073298429319371,0.5974025974025974
densenet121,4,Hernia,,0.8612521150592217
densenet121,4,Infiltration,0.7072222222222223,0.5501723825077118
densenet121,4,Mass,0.7113997113997115,0.5983072916666666
densenet121,4,Nodule,0.5825314581791265,0.44140738586798484
densenet121,4,Pleural_Thickening,0.3663952627683198,0.6144688644688644
densenet121,4,Pneumonia,0.4318181818181818,0.5813802083333334
densenet121,4,Pneumothorax,0.7651515151515152,0.9502551020408163
densenet121,5,Atelectasis,0.4948580830933772,0.6142591114658154
densenet121,5,Cardiomegaly,0.8115789473684211,0.7676650189008433
densenet121,5,Consolidation,0.7171717171717171,0.7200520833333334
densenet121,5,Edema,0.792929292929293,0.5125628140703518
densenet121,5,Effusion,0.8448581560283688,0.6642105263157895
densenet121,5,Emphysema,0.5958974358974359,0.6307692307692307
densenet121,5,Fibrosis,0.45433391506689935,0.5695045695045695
densenet121,5,Hernia,,0.6142131979695431
densenet121,5,Infiltration,0.6066666666666666,0.6327345309381237
densenet121,5,Mass,0.696969696969697,0.5748697916666666
densenet121,5,Nodule,0.6358253145817913,0.4355917417854027
densenet121,5,Pleural_Thickening,0.616580310880829,0.43223443223443225
densenet121,5,Pneumonia,0.41919191919191917,0.6126302083333334
densenet121,5,Pneumothorax,0.6161616161616161,0.6798469387755102
densenet161,1,Atelectasis,0.6610448375154258,0.636073423782921
densenet161,1,Cardiomegaly,0.7042105263157894,0.7371328874672869
densenet161,1,Consolidation,0.6666666666666667,0.4095052083333333
densenet161,1,Edema,0.4974747474747475,0.4824120603015075
densenet161,1,Effusion,0.6081560283687943,0.5131578947368421
densenet161,1,Emphysema,0.6235897435897436,0.5610256410256411
densenet161,1,Fibrosis,0.4363001745200698,0.5464165464165465
densenet161,1,Hernia,,0.4923857868020304
densenet161,1,Infiltration,0.45611111111111113,0.480856468880421
densenet161,1,Mass,0.4906204906204907,0.37500000000000006
densenet161,1,Nodule,0.5247964470762398,0.4896772317534167
densenet161,1,Pleural_Thickening,0.4500370096225018,0.5970695970695972
densenet161,1,Pneumonia,0.6818181818181819,0.3912760416666667
densenet161,1,Pneumothorax,0.6515151515151515,0.552295918367347
densenet161,2,Atelectasis,0.5656108597285068,0.6546953977121575
densenet161,2,Cardiomegaly,0.7515789473684211,0.4486769409712126
densenet161,2,Consolidation,0.5126262626262627,0.5768229166666666
densenet161,2,Edema,0.5833333333333334,0.6130653266331658
densenet161,2,Effusion,0.8200354609929078,0.6252631578947369
densenet161,2,Emphysema,0.5579487179487179,0.6943589743589743
densenet161,2,Fibrosis,0.6143106457242583,0.5108225108225108
densenet161,2,Hernia,,0.48054145516074454
densenet161,2,Infiltration,0.5577777777777778,0.510252222827073
densenet161,2,Mass,0.5988455988455988,0.4869791666666667
densenet161,2,Nodule,0.4700222057735011,0.5082872928176796
densenet161,2,Pleural_Thickening,0.24204293116210215,0.5231990231990232
densenet161,2,Pneumonia,0.3308080808080808,0.7454427083333334
densenet161,2,Pneumothorax,0.9141414141414141,0.8061224489795918
densenet161,3,Atelectasis,0.5635540929658577,0.6669326948656558
densenet161,3,Cardiomegaly,0.75,0.7132887467287001
densenet161,3,Consolidation,0.904040404040404,0.6484375
densenet161,3,Edema,0.7222222222222222,0.3316582914572864
densenet161,3,Effusion,0.8102836879432624,0.7073684210526315
densenet161,3,Emphysema,0.42051282051282046,0.6851282051282052
densenet161,3,Fibrosis,0.4700407213496218,0.3381433381433382
densenet161,3,Hernia,,0.754653130287648
densenet161,3,Infiltration,0.5783333333333334,0.621302848847759
densenet161,3,Mass,0.5983645983645984,0.5631510416666666
densenet161,3,Nodule,0.540340488527017,0.4105844722302995
densenet161,3,Pleural_Thickening,0.459659511472983,0.4328449328449328
densenet161,3,Pneumonia,0.351010101010101,0.6458333333333333
densenet161,3,Pneumothorax,0.696969696969697,0.6135204081632653
densenet161,4,Atelectasis,0.5269436445907034,0.6945996275605214
densenet161,4,Cardiomegaly,0.7357894736842105,0.7417854027333527
densenet161,4,Consolidation,0.6641414141414141,0.603515625
densenet161,4,Edema,0.5202020202020202,0.42713567839195976
densenet161,4,Effusion,0.6422872340425532,0.49684210526315786
densenet161,4,Emphysema,0.47384615384615386,0.6523076923076923
densenet161,4,Fibrosis,0.4363001745200698,0.5266955266955268
densenet161,4,Hernia,,0.4196277495769882
densenet161,4,Infiltration,0.5855555555555555,0.5645073489384866
densenet161,4,Mass,0.49639249639249644,0.46809895833333337
densenet161,4,Nodule,0.5714285714285714,0.5376562954347194
densenet161,4,Pleural_Thickening,0.4744633604737232,0.5085470085470085
densenet161,4,Pneumonia,0.27272727272727276,0.6477864583333333
densenet161,4,Pneumothorax,0.6338383838383839,0.6568877551020409
densenet161,5,Atelectasis,0.516248457424928,0.6656025538707103
densenet161,5,Cardiomegaly,0.7305263157894737,0.6972957255015992
densenet161,5,Consolidation,0.6161616161616161,0.6197916666666667
densenet161,5,Edema,0.7626262626262625,0.3668341708542714
densenet161,5,Effusion,0.8085106382978723,0.6178947368421053
densenet161,5,Emphysema,0.40923076923076923,0.6082051282051282
densenet161,5,Fibrosis,0.42524723676556136,0.6123136123136124
densenet161,5,Hernia,,0.7512690355329948
densenet161,5,Infiltration,0.6141666666666667,0.5948103792415169
densenet161,5,Mass,0.6488696488696488,0.48958333333333337
densenet161,5,Nodule,0.47372316802368614,0.5155568479209072
densenet161,5,Pleural_Thickening,0.5551443375277572,0.45940170940170943
densenet161,5,Pneumonia,0.5833333333333333,0.49869791666666674
densenet161,5,Pneumothorax,0.696969696969697,0.5816326530612245
densenet169,1,Atelectasis,0.6330728095433978,0.656291566906092
densenet169,1,Cardiomegaly,0.7221052631578948,0.6839197441116603
densenet169,1,Consolidation,0.6439393939393939,0.5846354166666666
densenet169,1,Edema,0.5025252525252526,0.49246231155778897
densenet169,1,Effusion,0.739804964539007,0.631578947368421
densenet169,1,Emphysema,0.5661538461538462,0.6482051282051282
densenet169,1,Fibrosis,0.3647469458987784,0.5743145743145743
densenet169,1,Hernia,,0.7326565143824028
densenet169,1,Infiltration,0.553611111111111,0.5768463073852296
densenet169,1,Mass,0.5286195286195287,0.5026041666666666
densenet169,1,Nodule,0.5669874167283493,0.531259086943879
densenet169,1,Pleural_Thickening,0.49962990377498145,0.49664224664224665
densenet169,1,Pneumonia,0.6616161616161615,0.49088541666666663
densenet169,1,Pneumothorax,0.6616161616161615,0.5229591836734694
densenet169,2,Atelectasis,0.6277252159605101,0.6092045756850226
densenet169,2,Cardiomegaly,0.8594736842105264,0.8220412910729864
densenet169,2,Consolidation,0.8005050505050505,0.6569010416666667
densenet169,2,Edema,0.7474747474747475,0.5226130653266332
densenet169,2,Effusion,0.8209219858156029,0.6173684210526316
densenet169,2,Emphysema,0.6523076923076923,0.5271794871794873
densenet169,2,Fibrosis,0.5026178010471204,0.4963924963924964
densenet169,2,Hernia,,0.6920473773265652
densenet169,2,Infiltration,0.6169444444444444,0.6076937035020867
densenet169,2,Mass,0.6522366522366523,0.5768229166666666
densenet169,2,Nodule,0.5632864544781643,0.4530386740331491
densenet169,2,Pleural_Thickening,0.5277572168763878,0.4606227106227106
densenet169,2,Pneumonia,0.5025252525252526,0.5221354166666667
densenet169,2,Pneumothorax,0.6742424242424242,0.49744897959183676
densenet169,3,Atelectasis,0.6149732620320857,0.6775738228252195
densenet169,3,Cardiomegaly,0.8236842105263158,0.7121256179121838
densenet169,3,Consolidation,0.8383838383838383,0.40625
densenet169,3,Edema,0.37373737373737376,0.6984924623115578
densenet169,3,Effusion,0.7229609929078014,0.6621052631578948
densenet169,3,Emphysema,0.6297435897435897,0.6102564102564103
densenet169,3,Fibrosis,0.503781268179174,0.6272246272246272
densenet169,3,Hernia,,0.6243654822335025
densenet169,3,Infiltration,0.42138888888888887,0.5735801125022681
densenet169,3,Mass,0.5204425204425205,0.3444010416666667
densenet169,3,Nodule,0.46780162842339007,0.5469613259668508
densenet169,3,Pleural_Thickening,0.45743893412287195,0.5851648351648352
densenet169,3,Pneumonia,0.2398989898989899,0.57421875
densenet169,3,Pneumothorax,0.7095959595959596,0.5778061224489796
densenet169,4,Atelectasis,0.5524475524475525,0.6243681830274009
densenet169,4,Cardiomegaly,0.61,0.6065716778133178
densenet169,4,Consolidation,0.5252525252525253,0.49609375
densenet169,4,Edema,0.47474747474747475,0.3467336683417085
densenet169,4,Effusion,0.6657801418439716,0.601578947368421
densenet169,4,Emphysema,0.522051282051282,0.7117948717948719
densenet169,4,Fibrosis,0.41768470040721345,0.6108706108706109
densenet169,4,Hernia,,0.5922165820642977
densenet169,4,Infiltration,0.6341666666666667,0.5973507530393758
densenet169,4,Mass,0.4555074555074555,0.3372395833333333
densenet169,4,Nodule,0.44337527757216877,0.4574004070950858
densenet169,4,Pleural_Thickening,0.35011102886750556,0.5357142857142857
densenet169,4,Pneumonia,0.7323232323232324,0.6061197916666667
densenet169,4,Pneumothorax,0.6742424242424243,0.6045918367346939
densenet169,5,Atelectasis,0.5051419169066228,0.6355413673849428
densenet169,5,Cardiomegaly,0.7821052631578949,0.7112532712997964
densenet169,5,Consolidation,0.9040404040404041,0.58984375
densenet169,5,Edema,0.643939393939394,0.5025125628140703
densenet169,5,Effusion,0.7039007092198581,0.7215789473684211
densenet169,5,Emphysema,0.4420512820512821,0.41025641025641024
densenet169,5,Fibrosis,0.5008726003490401,0.46993746993747
densenet169,5,Hernia,,0.7021996615905246
densenet169,5,Infiltration,0.6988888888888889,0.5608782435129741
densenet169,5,Mass,0.557960557960558,0.5162760416666666
densenet169,5,Nodule,0.5107327905255366,0.4623437045652806
densenet169,5,Pleural_Thickening,0.4685418208734271,0.4447496947496948
densenet169,5,Pneumonia,0.34595959595959597,0.623046875
densenet169,5,Pneumothorax,0.6262626262626263,0.6415816326530612
densenet201,1,Atelectasis,0.6227889757301521,0.6698590050545358
densenet201,1,Cardiomegaly,0.7526315789473684,0.7484733934283222
densenet201,1,Consolidation,0.6414141414141414,0.4700520833333333
densenet201,1,Edema,0.702020202020202,0.09045226130653261
densenet201,1,Effusion,0.7916666666666667,0.5947368421052631
densenet201,1,Emphysema,0.6051282051282052,0.718974358974359
densenet201,1,Fibrosis,0.5322862129144852,0.5964405964405964
densenet201,1,Hernia,,0.8020304568527918
densenet201,1,Infiltration,0.49472222222222223,0.5376519687896933
densenet201,1,Mass,0.6416546416546416,0.6119791666666667
densenet201,1,Nodule,0.6809770540340488,0.47455655713870304
densenet201,1,Pleural_Thickening,0.53960029607698,0.5344932844932845
densenet201,1,Pneumonia,0.7247474747474747,0.45247395833333337
densenet201,1,Pneumothorax,0.6540404040404041,0.6466836734693878
densenet201,2,Atelectasis,0.6729740847387906,0.6129289704708699
densenet201,2,Cardiomegaly,0.6847368421052632,0.6894446059901134
densenet201,2,Consolidation,0.8055555555555556,0.47981770833333337
densenet201,2,Edema,0.4292929292929293,0.6180904522613065
densenet201,2,Effusion,0.625,0.5368421052631579
densenet201,2,Emphysema,0.5087179487179487,0.5343589743589743
densenet201,2,Fibrosis,0.5346131471785922,0.6219336219336219
densenet201,2,Hernia,,0.3722504230118443
densenet201,2,Infiltration,0.5102777777777778,0.5554345853747051
densenet201,2,Mass,0.5040885040885041,0.39127604166666663
densenet201,2,Nodule,0.38638045891931905,0.5428903751090434
densenet201,2,Pleural_Thickening,0.462620281273131,0.5512820512820513
densenet201,2,Pneumonia,0.6414141414141414,0.443359375
densenet201,2,Pneumothorax,0.6212121212121212,0.5153061224489796
densenet201,3,Atelectasis,0.5294117647058825,0.5413673849428039
densenet201,3,Cardiomegaly,0.8873684210526316,0.7981971503343995
densenet201,3,Consolidation,0.8358585858585859,0.55078125
densenet201,3,Edema,0.4318181818181819,0.08040201005025127
densenet201,3,Effusion,0.7752659574468084,0.5631578947368421
densenet201,3,Emphysema,0.47692307692307695,0.7097435897435898
densenet201,3,Fibrosis,0.5346131471785922,0.4526214526214526
densenet201,3,Hernia,,0.5769881556683587
densenet201,3,Infiltration,0.6477777777777778,0.5343857739067319
densenet201,3,Mass,0.6166426166426167,0.5657552083333333
densenet201,3,Nodule,0.44337527757216877,0.5015993021227101
densenet201,3,Pleural_Thickening,0.4863064396743153,0.5299145299145299
densenet201,3,Pneumonia,0.29040404040404044,0.5865885416666667
densenet201,3,Pneumothorax,0.3888888888888889,0.6454081632653061
densenet201,4,Atelectasis,0.7161661867544221,0.6206437882415535
densenet201,4,Cardiomegaly,0.7489473684210526,0.671997673742367
densenet201,4,Consolidation,0.4772727272727273,0.3444010416666667
densenet201,4,Edema,0.07828282828282829,0.44221105527638194
densenet201,4,Effusion,0.6329787234042553,0.5278947368421052
densenet201,4,Emphysema,0.601025641025641,0.5723076923076923
densenet201,4,Fibrosis,0.5532286212914485,0.5161135161135161
densenet201,4,Hernia,,0.5482233502538071
densenet201,4,Infiltration,0.5772222222222222,0.5489021956087824
densenet201,4,Mass,0.35064935064935066,0.4375
densenet201,4,Nodule,0.5914137675795706,0.490549578365804
densenet201,4,Pleural_Thickening,0.538119911176906,0.612942612942613
densenet201,4,Pneumonia,0.23232323232323232,0.42578125
densenet201,4,Pneumothorax,0.5606060606060606,0.514030612244898
efficientnet_b4,1,Atelectasis,0.5886466474701768,0.5344506517690876
efficientnet_b4,1,Cardiomegaly,0.68,0.5867984879325385
efficientnet_b4,1,Consolidation,0.9242424242424243,0.56640625
efficientnet_b4,1,Edema,0.7777777777777778,0.36180904522613067
efficientnet_b4,1,Effusion,0.8093971631205674,0.5921052631578947
efficientnet_b4,1,Emphysema,0.6779487179487179,0.40512820512820513
efficientnet_b4,1,Fibrosis,0.4566608493310064,0.49783549783549785
efficientnet_b4,1,Hernia,,0.521150592216582
efficientnet_b4,1,Infiltration,0.5097222222222222,0.5674106332788968
efficientnet_b4,1,Mass,0.6195286195286196,0.365234375
efficientnet_b4,1,Nodule,0.5499629903774982,0.35678976446641464
efficientnet_b4,1,Pleural_Thickening,0.4863064396743153,0.4636752136752137
efficientnet_b4,1,Pneumonia,0.9267676767676767,0.603515625
efficientnet_b4,1,Pneumothorax,0.5631313131313131,0.5522959183673469
densenet201,5,Atelectasis,0.5898807075277663,0.5855280659749934
densenet201,5,Cardiomegaly,0.6952631578947368,0.7327711544053503
densenet201,5,Consolidation,0.5277777777777778,0.5358072916666666
densenet201,5,Edema,0.648989898989899,0.8743718592964824
densenet201,5,Effusion,0.7238475177304964,0.5710526315789474
densenet201,5,Emphysema,0.517948717948718,0.4153846153846154
densenet201,5,Fibrosis,0.4520069808027923,0.4684944684944685
densenet201,5,Hernia,,0.8172588832487311
densenet201,5,Infiltration,0.6116666666666667,0.6381781890763927
densenet201,5,Mass,0.4651274651274651,0.423828125
densenet201,5,Nodule,0.4996299037749815,0.5251526606571678
densenet201,5,Pleural_Thickening,0.4492968171724648,0.5024420024420024
densenet201,5,Pneumonia,0.5934343434343434,0.48763020833333337
densenet201,5,Pneumothorax,0.4671717171717172,0.6403061224489796
efficientnet_b4,2,Atelectasis,0.6297819827231592,0.5387071029529129
efficientnet_b4,2,Cardiomegaly,0.7231578947368421,0.6935155568479209
efficientnet_b4,2,Consolidation,0.7676767676767677,0.5338541666666667
efficientnet_b4,2,Edema,0.5328282828282829,0.5628140703517588
efficientnet_b4,2,Effusion,0.6427304964539007,0.658421052631579
efficientnet_b4,2,Emphysema,0.601025641025641,0.3394871794871795
efficientnet_b4,2,Fibrosis,0.34205933682373474,0.5733525733525734
efficientnet_b4,2,Hernia,,0.583756345177665
efficientnet_b4,2,Infiltration,0.47277777777777774,0.49755035383777896
efficientnet_b4,2,Mass,0.5560365560365561,0.33854166666666663
efficientnet_b4,2,Nodule,0.4093264248704663,0.4885141029369002
efficientnet_b4,2,Pleural_Thickening,0.47668393782383417,0.420940170940171
efficientnet_b4,2,Pneumonia,0.5025252525252525,0.59765625
efficientnet_b4,2,Pneumothorax,0.8484848484848484,0.6301020408163265
efficientnet_b4,3,Atelectasis,0.6482928835870012,0.5544027666932695
efficientnet_b4,3,Cardiomegaly,0.7478947368421052,0.6996219831346321
efficientnet_b4,3,Consolidation,0.7272727272727273,0.45963541666666663
efficientnet_b4,3,Edema,0.6565656565656566,0.1507537688442211
efficientnet_b4,3,Effusion,0.6303191489361702,0.653157894736842
efficientnet_b4,3,Emphysema,0.718974358974359,0.518974358974359
efficientnet_b4,3,Fibrosis,0.4368819080860966,0.5796055796055797
efficientnet_b4,3,Hernia,,0.6700507614213198
efficientnet_b4,3,Infiltration,0.46166666666666667,0.5441843585556161
efficientnet_b4,3,Mass,0.47811447811447805,0.3671875
efficientnet_b4,3,Nodule,0.4404145077720207,0.4739749927304449
efficientnet_b4,3,Pleural_Thickening,0.4996299037749815,0.39590964590964595
efficientnet_b4,3,Pneumonia,0.6666666666666667,0.6673177083333334
efficientnet_b4,3,Pneumothorax,0.5984848484848485,0.3826530612244898
efficientnet_b4,4,Atelectasis,0.6700946112710819,0.5198191008246874
efficientnet_b4,4,Cardiomegaly,0.6357894736842106,0.6539691770863623
efficientnet_b4,4,Consolidation,0.8131313131313131,0.66015625
efficientnet_b4,4,Edema,0.8106060606060606,0.5276381909547738
efficientnet_b4,4,Effusion,0.7340425531914894,0.5668421052631578
efficientnet_b4,4,Emphysema,0.52,0.5692307692307692
efficientnet_b4,4,Fibrosis,0.38917975567190227,0.45646945646945647
efficientnet_b4,4,Hernia,,0.6446700507614213
efficientnet_b4,4,Infiltration,0.5216666666666666,0.5060787515877336
efficientnet_b4,4,Mass,0.6137566137566137,0.39518229166666663
efficientnet_b4,4,Nodule,0.46854182087342705,0.40476882814771736
efficientnet_b4,4,Pleural_Thickening,0.42709104367135453,0.41880341880341876
efficientnet_b4,4,Pneumonia,0.8813131313131313,0.7239583333333333
efficientnet_b4,4,Pneumothorax,0.6414141414141414,0.451530612244898
efficientnet_b4,5,Atelectasis,0.5800082270670506,0.6044160681032189
efficientnet_b4,5,Cardiomegaly,0.6647368421052632,0.6214015702239023
efficientnet_b4,5,Consolidation,0.8409090909090909,0.5651041666666666
efficientnet_b4,5,Edema,0.5909090909090909,0.3869346733668342
efficientnet_b4,5,Effusion,0.6959219858156028,0.661578947368421
efficientnet_b4,5,Emphysema,0.7066666666666667,0.4205128205128206
efficientnet_b4,5,Fibrosis,0.3880162885398487,0.4555074555074555
efficientnet_b4,5,Hernia,,0.6852791878172588
efficientnet_b4,5,Infiltration,0.5277777777777778,0.4389403012157504
efficientnet_b4,5,Mass,0.6301106301106301,0.3619791666666667
efficientnet_b4,5,Nodule,0.5470022205773502,0.409130561209654
efficientnet_b4,5,Pleural_Thickening,0.42487046632124353,0.4410866910866911
efficientnet_b4,5,Pneumonia,0.6111111111111112,0.615234375
efficientnet_b4,5,Pneumothorax,0.5681818181818181,0.6045918367346939
efficientnet_b5,1,Atelectasis,0.597696421225833,0.5591912742750732
efficientnet_b5,1,Cardiomegaly,0.7036842105263158,0.5045071241640011
efficientnet_b5,1,Consolidation,0.962121212121212,0.5286458333333334
efficientnet_b5,1,Edema,0.6237373737373737,0.24120603015075381
efficientnet_b5,1,Effusion,0.8240248226950355,0.658421052631579
efficientnet_b5,1,Emphysema,0.4687179487179487,0.39179487179487177
efficientnet_b5,1,Fibrosis,0.522978475858057,0.5868205868205868
efficientnet_b5,1,Hernia,,0.8375634517766497
efficientnet_b5,1,Infiltration,0.5775,0.5606967882416984
efficientnet_b5,1,Mass,0.6661856661856661,0.6145833333333334
efficientnet_b5,1,Nodule,0.607698001480385,0.4699040418726374
efficientnet_b5,1,Pleural_Thickening,0.5677276091783864,0.4636752136752137
efficientnet_b5,1,Pneumonia,0.33333333333333337,0.49283854166666663
efficientnet_b5,1,Pneumothorax,0.5025252525252525,0.715561224489796
efficientnet_b5,2,Atelectasis,0.6067461949814892,0.6956637403564777
efficientnet_b5,2,Cardiomegaly,0.6594736842105263,0.58301831927886
efficientnet_b5,2,Consolidation,0.8080808080808081,0.5514322916666666
efficientnet_b5,2,Edema,0.7348484848484848,0.728643216080402
efficientnet_b5,2,Effusion,0.688386524822695,0.47789473684210526
efficientnet_b5,2,Emphysema,0.7076923076923077,0.5015384615384615
efficientnet_b5,2,Fibrosis,0.3903432228039558,0.342953342953343
efficientnet_b5,2,Hernia,,0.5194585448392555
efficientnet_b5,2,Infiltration,0.5422222222222222,0.5454545454545455
efficientnet_b5,2,Mass,0.7267917267917268,0.6686197916666666
efficientnet_b5,2,Nodule,0.42783123612139157,0.40505961035184646
efficientnet_b5,2,Pleural_Thickening,0.48482605477424134,0.44719169719169716
efficientnet_b5,2,Pneumonia,0.3888888888888889,0.5338541666666667
efficientnet_b5,2,Pneumothorax,0.7878787878787878,0.7959183673469388
efficientnet_b5,3,Atelectasis,0.6071575483340188,0.5472200053205639
efficientnet_b5,3,Cardiomegaly,0.6089473684210527,0.6118057574876418
efficientnet_b5,3,Consolidation,0.7727272727272727,0.462890625
efficientnet_b5,3,Edema,0.12373737373737376,0.4371859296482412
efficientnet_b5,3,Effusion,0.6848404255319149,0.6742105263157895
efficientnet_b5,3,Emphysema,0.5651282051282052,0.4143589743589744
efficientnet_b5,3,Fibrosis,0.5584642233856894,0.7200577200577201
efficientnet_b5,3,Hernia,,0.9052453468697124
efficientnet_b5,3,Infiltration,0.6219444444444444,0.4797677372527672
efficientnet_b5,3,Mass,0.6676286676286677,0.4361979166666667
efficientnet_b5,3,Nodule,0.5247964470762398,0.4728118639139285
efficientnet_b5,3,Pleural_Thickening,0.47520355292376015,0.5332722832722833
efficientnet_b5,3,Pneumonia,0.5909090909090908,0.578125
efficientnet_b5,3,Pneumothorax,0.8964646464646464,0.6479591836734694
efficientnet_b5,4,Atelectasis,0.639654463183875,0.6578877361000266
efficientnet_b5,4,Cardiomegaly,0.6589473684210526,0.5926141320151207
efficientnet_b5,4,Consolidation,0.9090909090909092,0.5872395833333334
efficientnet_b5,4,Edema,0.6590909090909091,0.8341708542713568
efficientnet_b5,4,Effusion,0.8111702127659575,0.6336842105263158
efficientnet_b5,4,Emphysema,0.5579487179487179,0.40512820512820513
efficientnet_b5,4,Fibrosis,0.5218150087260035,0.51996151996152
efficientnet_b5,4,Hernia,,0.5076142131979695
efficientnet_b5,4,Infiltration,0.6219444444444445,0.5866448920341136
efficientnet_b5,4,Mass,0.7421837421837423,0.572265625
efficientnet_b5,4,Nodule,0.42042931162102143,0.4512939808083745
efficientnet_b5,4,Pleural_Thickening,0.49814951887490744,0.4597069597069597
efficientnet_b5,4,Pneumonia,0.41414141414141414,0.55078125
efficientnet_b5,4,Pneumothorax,0.7146464646464645,0.7576530612244898
efficientnet_b6,3,Atelectasis,0.6030440148087207,0.5006650704974727
efficientnet_b6,3,Cardiomegaly,0.6047368421052631,0.6365222448386159
efficientnet_b6,3,Consolidation,0.7196969696969697,0.6966145833333333
efficientnet_b6,3,Edema,0.7828282828282829,0.8894472361809045
efficientnet_b6,3,Effusion,0.7349290780141844,0.6242105263157894
efficientnet_b6,3,Emphysema,0.31999999999999995,0.6738461538461539
efficientnet_b6,3,Fibrosis,0.47760325770796974,0.43963443963443966
efficientnet_b6,3,Hernia,,0.6006768189509306
efficientnet_b6,3,Infiltration,0.6202777777777777,0.5374705135184178
efficientnet_b6,3,Mass,0.7152477152477152,0.4752604166666667
efficientnet_b6,3,Nodule,0.6706143597335308,0.45972666472811863
efficientnet_b6,3,Pleural_Thickening,0.37675795706883786,0.4087301587301587
efficientnet_b6,3,Pneumonia,0.356060606060606,0.6966145833333333
efficientnet_b6,3,Pneumothorax,0.6994949494949495,0.6211734693877551
efficientnet_b6,2,Atelectasis,0.3393665158371041,0.567438148443735
efficientnet_b6,2,Cardiomegaly,0.5694736842105264,0.6248909566734516
efficientnet_b6,2,Consolidation,0.9646464646464646,0.6438802083333333
efficientnet_b6,2,Edema,0.40151515151515155,0.44723618090452266
efficientnet_b6,2,Effusion,0.7504432624113475,0.6626315789473685
efficientnet_b6,2,Emphysema,0.3405128205128205,0.49230769230769234
efficientnet_b6,2,Fibrosis,0.4287376381617219,0.3886483886483887
efficientnet_b6,2,Hernia,,0.22504230118443316
efficientnet_b6,2,Infiltration,0.6494444444444445,0.6102340772999456
efficientnet_b6,2,Mass,0.696007696007696,0.619140625
efficientnet_b6,2,Nodule,0.49814951887490744,0.4876417563245129
efficientnet_b6,2,Pleural_Thickening,0.5188749074759438,0.5927960927960928
efficientnet_b6,2,Pneumonia,0.25,0.5091145833333334
efficientnet_b6,2,Pneumothorax,0.803030303030303,0.7755102040816326
efficientnet_b6,4,Atelectasis,0.5565610859728507,0.4676775738228252
efficientnet_b6,4,Cardiomegaly,0.4689473684210526,0.48269845885431806
efficientnet_b6,4,Consolidation,0.8813131313131314,0.5729166666666667
efficientnet_b6,4,Edema,0.5883838383838385,0.38190954773869346
efficientnet_b6,4,Effusion,0.7273936170212766,0.5905263157894737
efficientnet_b6,4,Emphysema,0.49435897435897436,0.43076923076923085
efficientnet_b6,4,Fibrosis,0.4072134962187318,0.6931216931216931
efficientnet_b6,4,Hernia,,0.49746192893401014
efficientnet_b6,4,Infiltration,0.5086111111111111,0.5182362547632009
efficientnet_b6,4,Mass,0.6031746031746033,0.42708333333333337
efficientnet_b6,4,Nodule,0.6210214655810511,0.5652806048269845
efficientnet_b6,4,Pleural_Thickening,0.47076239822353816,0.5073260073260073
efficientnet_b6,4,Pneumonia,0.297979797979798,0.5618489583333334
efficientnet_b6,4,Pneumothorax,0.4217171717171717,0.6823979591836735
efficientnet_b6,5,Atelectasis,0.6359522830111065,0.6972599095504124
efficientnet_b6,5,Cardiomegaly,0.7889473684210526,0.7066007560337307
efficientnet_b6,5,Consolidation,0.6767676767676768,0.6204427083333334
efficientnet_b6,5,Edema,0.5378787878787878,0.542713567839196
efficientnet_b6,5,Effusion,0.6458333333333334,0.668421052631579
efficientnet_b6,5,Emphysema,0.5558974358974359,0.5928205128205128
efficientnet_b6,5,Fibrosis,0.5543920884235021,0.5305435305435305
efficientnet_b6,5,Hernia,,0.6057529610829102
efficientnet_b6,5,Infiltration,0.5327777777777778,0.499001996007984
efficientnet_b6,5,Mass,0.5555555555555556,0.6380208333333334
efficientnet_b6,5,Nodule,0.5321983715766099,0.38819424251235823
efficientnet_b6,5,Pleural_Thickening,0.4485566247224278,0.524114774114774
efficientnet_b6,5,Pneumonia,0.6717171717171717,0.6158854166666667
efficientnet_b6,5,Pneumothorax,0.4797979797979798,0.5612244897959183
efficientnet_b5,5,Atelectasis,0.5939942410530645,0.5985634477254589
efficientnet_b5,5,Cardiomegaly,0.5289473684210526,0.6606571677813318
efficientnet_b5,5,Consolidation,0.8156565656565656,0.5963541666666667
efficientnet_b5,5,Edema,0.8914141414141414,0.7989949748743719
efficientnet_b5,5,Effusion,0.7327127659574468,0.5894736842105264
efficientnet_b5,5,Emphysema,0.47794871794871796,0.5169230769230769
efficientnet_b5,5,Fibrosis,0.5177428737638162,0.443001443001443
efficientnet_b5,5,Hernia,,0.43485617597292725
efficientnet_b5,5,Infiltration,0.6127777777777779,0.49646162221012513
efficientnet_b5,5,Mass,0.6180856180856181,0.49544270833333337
efficientnet_b5,5,Nodule,0.4907475943745373,0.4856062808956092
efficientnet_b5,5,Pleural_Thickening,0.5455218356772761,0.4285714285714286
efficientnet_b5,5,Pneumonia,0.47979797979797983,0.501953125
efficientnet_b5,5,Pneumothorax,0.5505050505050505,0.7397959183673469
efficientnet_b7,1,Atelectasis,0.5919374742904155,0.6081404628890663
efficientnet_b7,1,Cardiomegaly,0.5294736842105263,0.5545216632742076
efficientnet_b7,1,Consolidation,0.8232323232323232,0.6451822916666666
efficientnet_b7,1,Edema,0.5353535353535354,0.8894472361809045
efficientnet_b7,1,Effusion,0.5975177304964538,0.6836842105263158
efficientnet_b7,1,Emphysema,0.4523076923076923,0.5097435897435898
efficientnet_b7,1,Fibrosis,0.5613728912158231,0.594035594035594
efficientnet_b7,1,Hernia,,0.4906937394247039
efficientnet_b7,1,Infiltration,0.5530555555555555,0.534385773906732
efficientnet_b7,1,Mass,0.5074555074555075,0.359375
efficientnet_b7,1,Nodule,0.4196891191709844,0.4774643791799942
efficientnet_b7,1,Pleural_Thickening,0.5632864544781644,0.38369963369963367
efficientnet_b7,1,Pneumonia,0.7095959595959596,0.6022135416666666
efficientnet_b7,1,Pneumothorax,0.6136363636363636,0.4732142857142857
efficientnet_b7,2,Atelectasis,0.6178527354997942,0.5780792764032987
efficientnet_b7,2,Cardiomegaly,0.5773684210526315,0.6661820296597848
efficientnet_b7,2,Consolidation,0.8181818181818181,0.7200520833333333
efficientnet_b7,2,Edema,0.5808080808080808,0.9195979899497487
efficientnet_b7,2,Effusion,0.712322695035461,0.6663157894736842
efficientnet_b7,2,Emphysema,0.3630769230769231,0.5507692307692308
efficientnet_b7,2,Fibrosis,0.5212332751599767,0.5935545935545936
efficientnet_b7,2,Hernia,,0.7309644670050761
efficientnet_b7,2,Infiltration,0.565,0.5244057339865723
efficientnet_b7,2,Mass,0.6772486772486773,0.4733072916666667
efficientnet_b7,2,Nodule,0.4248704663212435,0.4745565571387031
efficientnet_b7,2,Pleural_Thickening,0.4907475943745374,0.45115995115995117
efficientnet_b7,2,Pneumonia,0.5328282828282829,0.6009114583333334
efficientnet_b7,2,Pneumothorax,0.4267676767676768,0.5867346938775511
efficientnet_b6,1,Atelectasis,0.6622788975730152,0.5751529662144187
efficientnet_b6,1,Cardiomegaly,0.5421052631578948,0.6914800814190172
efficientnet_b6,1,Consolidation,0.9090909090909091,0.587890625
efficientnet_b6,1,Edema,0.8661616161616161,0.6080402010050252
efficientnet_b6,1,Effusion,0.6879432624113475,0.6510526315789473
efficientnet_b6,1,Emphysema,0.6041025641025641,0.3087179487179487
efficientnet_b6,1,Fibrosis,0.3600930773705643,0.45743145743145747
efficientnet_b6,1,Hernia,,0.4906937394247039
efficientnet_b6,1,Infiltration,0.5380555555555555,0.5926329159862094
efficientnet_b6,1,Mass,0.7724867724867726,0.3990885416666667
efficientnet_b6,1,Nodule,0.536639526276832,0.4649607444024425
efficientnet_b6,1,Pleural_Thickening,0.4937083641746854,0.4267399267399267
efficientnet_b6,1,Pneumonia,0.7222222222222221,0.490234375
efficientnet_b6,1,Pneumothorax,0.8686868686868687,0.5803571428571429
efficientnet_b7,3,Atelectasis,0.5680789798436857,0.6238361266294228
efficientnet_b7,3,Cardiomegaly,0.44789473684210523,0.5132305902878743
efficientnet_b7,3,Consolidation,0.553030303030303,0.5748697916666667
efficientnet_b7,3,Edema,0.8585858585858586,0.09547738693467334
efficientnet_b7,3,Effusion,0.7318262411347518,0.5705263157894737
efficientnet_b7,3,Emphysema,0.44000000000000006,0.4
efficientnet_b7,3,Fibrosis,0.5671902268760907,0.6517556517556519
efficientnet_b7,3,Hernia,,0.5854483925549916
efficientnet_b7,3,Infiltration,0.6025,0.5222282707312647
efficientnet_b7,3,Mass,0.4858104858104858,0.4720052083333333
efficientnet_b7,3,Nodule,0.48482605477424134,0.4914219249781913
efficientnet_b7,3,Pleural_Thickening,0.544041450777202,0.4105616605616606
efficientnet_b7,3,Pneumonia,0.2373737373737374,0.5338541666666666
efficientnet_b7,3,Pneumothorax,0.34595959595959597,0.7448979591836734
resnet101,1,Atelectasis,0.6499382969971206,0.633147113594041
resnet101,1,Cardiomegaly,0.7905263157894737,0.7714451875545216
resnet101,1,Consolidation,0.8207070707070707,0.6803385416666667
resnet101,1,Edema,0.6691919191919191,0.778894472361809
resnet101,1,Effusion,0.7699468085106382,0.7194736842105263
resnet101,1,Emphysema,0.5805128205128205,0.4030769230769231
resnet101,1,Fibrosis,0.49505526468877253,0.4949494949494949
resnet101,1,Hernia,,0.5803722504230119
resnet101,1,Infiltration,0.5877777777777777,0.5750317546724732
resnet101,1,Mass,0.5632515632515633,0.5592447916666666
resnet101,1,Nodule,0.4270910436713546,0.4981099156731608
resnet101,1,Pleural_Thickening,0.46113989637305697,0.5103785103785103
resnet101,1,Pneumonia,0.5429292929292929,0.58203125
resnet101,1,Pneumothorax,0.4823232323232323,0.7066326530612245
resnet101,2,Atelectasis,0.590703414232826,0.7145517424847033
resnet101,2,Cardiomegaly,0.7763157894736842,0.6900261703983717
resnet101,2,Consolidation,0.6616161616161615,0.5455729166666667
resnet101,2,Edema,0.6994949494949495,0.26633165829145733
resnet101,2,Effusion,0.7814716312056738,0.5731578947368421
resnet101,2,Emphysema,0.5405128205128205,0.5056410256410256
resnet101,2,Fibrosis,0.5392670157068062,0.506012506012506
resnet101,2,Hernia,,0.7411167512690355
resnet101,2,Infiltration,0.6316666666666666,0.5274904735982581
resnet101,2,Mass,0.5911495911495911,0.6569010416666666
resnet101,2,Nodule,0.5788304959289415,0.341378307647572
resnet101,2,Pleural_Thickening,0.5751295336787565,0.3705738705738706
resnet101,2,Pneumonia,0.595959595959596,0.46354166666666663
resnet101,2,Pneumothorax,0.6691919191919192,0.7487244897959184
resnet101,3,Atelectasis,0.609214315096668,0.6658685820696993
resnet101,3,Cardiomegaly,0.7100000000000001,0.7679558011049723
resnet101,3,Consolidation,0.8055555555555556,0.6959635416666666
resnet101,3,Edema,0.5303030303030303,0.6281407035175879
resnet101,3,Effusion,0.8018617021276595,0.5621052631578947
resnet101,3,Emphysema,0.4276923076923077,0.44615384615384623
resnet101,3,Fibrosis,0.46015125072716695,0.6171236171236172
resnet101,3,Hernia,,0.7969543147208121
resnet101,3,Infiltration,0.4847222222222222,0.5737615677735438
resnet101,3,Mass,0.7926887926887927,0.677734375
resnet101,3,Nodule,0.5632864544781644,0.47077638848502473
resnet101,3,Pleural_Thickening,0.6402664692820133,0.442002442002442
resnet101,3,Pneumonia,0.3232323232323232,0.6848958333333334
resnet101,3,Pneumothorax,0.5227272727272727,0.6696428571428572
resnet101,4,Atelectasis,0.6108597285067873,0.5977653631284916
resnet101,4,Cardiomegaly,0.6557894736842105,0.6818842686827565
resnet101,4,Consolidation,0.8131313131313131,0.55859375
resnet101,4,Edema,0.595959595959596,0.7738693467336684
resnet101,4,Effusion,0.6972517730496454,0.491578947368421
resnet101,4,Emphysema,0.6153846153846154,0.44
resnet101,4,Fibrosis,0.5509016870273414,0.4920634920634921
resnet101,4,Hernia,,0.5752961082910322
resnet101,4,Infiltration,0.5891666666666667,0.5998911268372347
resnet101,4,Mass,0.6137566137566137,0.5768229166666666
resnet101,4,Nodule,0.5551443375277572,0.40360569933120094
resnet101,4,Pleural_Thickening,0.44485566247224284,0.39957264957264954
resnet101,4,Pneumonia,0.5252525252525252,0.41015625
resnet101,4,Pneumothorax,0.6792929292929293,0.7895408163265307
resnet101,5,Atelectasis,0.6129164952694365,0.6499068901303537
resnet101,5,Cardiomegaly,0.73,0.7109624890956673
resnet101,5,Consolidation,0.8686868686868686,0.5305989583333334
resnet101,5,Edema,0.8535353535353536,0.3316582914572864
resnet101,5,Effusion,0.8204787234042553,0.7257894736842105
resnet101,5,Emphysema,0.5066666666666666,0.26871794871794874
resnet101,5,Fibrosis,0.4886561954624782,0.6238576238576239
resnet101,5,Hernia,,0.9255499153976311
resnet101,5,Infiltration,0.6033333333333333,0.544728724369443
resnet101,5,Mass,0.6402116402116402,0.7272135416666666
resnet101,5,Nodule,0.533678756476684,0.43588252398953187
resnet101,5,Pleural_Thickening,0.5951147298297557,0.47527472527472525
resnet101,5,Pneumonia,0.6767676767676767,0.421875
resnet101,5,Pneumothorax,0.7196969696969697,0.8035714285714286
resnet152,1,Atelectasis,0.6886055121349239,0.6288906624102155
resnet152,1,Cardiomegaly,0.6905263157894737,0.6583309101482989
resnet152,1,Consolidation,0.6691919191919191,0.6217447916666667
resnet152,1,Edema,0.845959595959596,0.2562814070351759
resnet152,1,Effusion,0.7402482269503546,0.6063157894736841
resnet152,1,Emphysema,0.4287179487179487,0.5620512820512821
resnet152,1,Fibrosis,0.5782431646305992,0.49543049543049544
resnet152,1,Hernia,,0.5685279187817258
resnet152,1,Infiltration,0.6308333333333334,0.5376519687896933
resnet152,1,Mass,0.47763347763347763,0.4583333333333333
resnet152,1,Nodule,0.4692820133234641,0.5859261413201512
resnet152,1,Pleural_Thickening,0.3508512213175426,0.5216727716727717
resnet152,1,Pneumonia,0.6136363636363636,0.48828125000000006
resnet152,1,Pneumothorax,0.46464646464646464,0.5701530612244898
resnet152,2,Atelectasis,0.5915261209378856,0.5735567970204842
resnet152,2,Cardiomegaly,0.7410526315789475,0.7138703111369584
resnet152,2,Consolidation,0.8914141414141414,0.6002604166666666
resnet152,2,Edema,0.6085858585858587,0.44221105527638194
resnet152,2,Effusion,0.7446808510638299,0.6205263157894737
resnet152,2,Emphysema,0.5476923076923077,0.5651282051282052
resnet152,2,Fibrosis,0.5561372891215823,0.5637325637325638
resnet152,2,Hernia,,0.5905245346869712
resnet152,2,Infiltration,0.6255555555555556,0.5988023952095809
resnet152,2,Mass,0.5983645983645984,0.5305989583333333
resnet152,2,Nodule,0.535899333826795,0.5077057284094213
resnet152,2,Pleural_Thickening,0.46039970392302,0.49267399267399264
resnet152,2,Pneumonia,0.5,0.513671875
resnet152,2,Pneumothorax,0.547979797979798,0.6339285714285715
resnet152,3,Atelectasis,0.5915261209378857,0.6209098164405427
resnet152,3,Cardiomegaly,0.6910526315789474,0.6722884559464961
resnet152,3,Consolidation,0.6590909090909092,0.40690104166666663
resnet152,3,Edema,0.5429292929292929,0.01005025125628145
resnet152,3,Effusion,0.7712765957446809,0.6573684210526315
resnet152,3,Emphysema,0.36,0.48923076923076925
resnet152,3,Fibrosis,0.571262361838278,0.6084656084656085
resnet152,3,Hernia,,0.7884940778341794
resnet152,3,Infiltration,0.6922222222222223,0.5583378697151152
resnet152,3,Mass,0.5367965367965368,0.5735677083333333
resnet152,3,Nodule,0.464840858623242,0.4341378307647572
resnet152,3,Pleural_Thickening,0.7387120651369357,0.5262515262515263
resnet152,3,Pneumonia,0.2777777777777778,0.5130208333333334
resnet152,3,Pneumothorax,0.48484848484848486,0.6122448979591837
resnet152,4,Atelectasis,0.6548745372274785,0.6541633413141793
resnet152,4,Cardiomegaly,0.5668421052631579,0.7278278569351555
resnet152,4,Consolidation,0.8636363636363636,0.5481770833333334
resnet152,4,Edema,0.7702020202020202,0.5226130653266332
resnet152,4,Effusion,0.8315602836879432,0.661578947368421
resnet152,4,Emphysema,0.6564102564102564,0.5784615384615385
resnet152,4,Fibrosis,0.5631180919139034,0.645983645983646
resnet152,4,Hernia,,0.41793570219966153
resnet152,4,Infiltration,0.6627777777777778,0.5245871892578479
resnet152,4,Mass,0.6435786435786435,0.5963541666666667
resnet152,4,Nodule,0.4552183567727609,0.39575457981971496
resnet152,4,Pleural_Thickening,0.5988156920799408,0.5247252747252746
resnet152,4,Pneumonia,0.5050505050505051,0.4967447916666667
resnet152,4,Pneumothorax,0.6641414141414141,0.8150510204081632
efficientnet_b7,4,Atelectasis,0.5614973262032086,0.5727587124235168
efficientnet_b7,4,Cardiomegaly,0.6057894736842104,0.6376853736551323
efficientnet_b7,4,Consolidation,0.6060606060606061,0.5455729166666667
efficientnet_b7,4,Edema,0.7803030303030304,0.6934673366834171
efficientnet_b7,4,Effusion,0.6963652482269503,0.6847368421052631
efficientnet_b7,4,Emphysema,0.5723076923076923,0.4984615384615385
efficientnet_b7,4,Fibrosis,0.3717277486910995,0.6123136123136124
efficientnet_b7,4,Hernia,,0.8494077834179357
efficientnet_b7,4,Infiltration,0.5644444444444444,0.5002721829069134
efficientnet_b7,4,Mass,0.6796536796536796,0.5670572916666666
efficientnet_b7,4,Nodule,0.5048112509252405,0.36289619075312596
efficientnet_b7,4,Pleural_Thickening,0.4722427831236121,0.4908424908424909
efficientnet_b7,4,Pneumonia,0.8333333333333333,0.5397135416666667
efficientnet_b7,4,Pneumothorax,0.654040404040404,0.4642857142857143
efficientnet_b7,5,Atelectasis,0.6565199506375977,0.6722532588454375
efficientnet_b7,5,Cardiomegaly,0.641578947368421,0.6373945914510032
efficientnet_b7,5,Consolidation,0.8358585858585859,0.6061197916666667
efficientnet_b7,5,Edema,0.4595959595959596,0.1758793969849246
efficientnet_b7,5,Effusion,0.7012411347517731,0.6189473684210526
efficientnet_b7,5,Emphysema,0.6123076923076923,0.3035897435897436
efficientnet_b7,5,Fibrosis,0.48516579406631766,0.5772005772005773
efficientnet_b7,5,Hernia,,0.5786802030456852
efficientnet_b7,5,Infiltration,0.5197222222222222,0.5392850662311739
efficientnet_b7,5,Mass,0.70995670995671,0.6477864583333334
efficientnet_b7,5,Nodule,0.4337527757216876,0.4492585053794707
efficientnet_b7,5,Pleural_Thickening,0.49592894152479644,0.5637973137973138
efficientnet_b7,5,Pneumonia,0.6111111111111112,0.6204427083333334
efficientnet_b7,5,Pneumothorax,0.8080808080808081,0.6020408163265306
resnet152,5,Atelectasis,0.5545043192102016,0.6653365256717212
resnet152,5,Cardiomegaly,0.7036842105263158,0.6298342541436464
resnet152,5,Consolidation,0.702020202020202,0.5501302083333334
resnet152,5,Edema,0.6868686868686869,0.31658291457286436
resnet152,5,Effusion,0.8430851063829787,0.6505263157894736
resnet152,5,Emphysema,0.39692307692307693,0.8605128205128205
resnet152,5,Fibrosis,0.498545666084933,0.5690235690235691
resnet152,5,Hernia,,0.7309644670050761
resnet152,5,Infiltration,0.6241666666666666,0.5443658138268916
resnet152,5,Mass,0.74987974987975,0.7018229166666666
resnet152,5,Nodule,0.5655070318282753,0.5405641174760105
resnet152,5,Pleural_Thickening,0.6476683937823834,0.5076312576312576
resnet152,5,Pneumonia,0.3787878787878788,0.49674479166666663
resnet152,5,Pneumothorax,0.9065656565656566,0.8558673469387755
resnext101_32x8d,1,Atelectasis,0.6059234882764295,0.6485767491354083
resnext101_32x8d,1,Cardiomegaly,0.7463157894736843,0.66123873218959
resnext101_32x8d,1,Consolidation,0.8888888888888888,0.599609375
resnext101_32x8d,1,Edema,0.8156565656565656,0.3065326633165829
resnext101_32x8d,1,Effusion,0.7065602836879432,0.5631578947368421
resnext101_32x8d,1,Emphysema,0.441025641025641,0.29743589743589743
resnext101_32x8d,1,Fibrosis,0.38859802210587546,0.6151996151996152
resnext101_32x8d,1,Hernia,,0.7309644670050761
resnext101_32x8d,1,Infiltration,0.5266666666666666,0.49392124841226637
resnext101_32x8d,1,Mass,0.6382876382876382,0.5240885416666666
resnext101_32x8d,1,Nodule,0.32420429311621024,0.5015993021227101
resnext101_32x8d,1,Pleural_Thickening,0.61880088823094,0.5180097680097681
resnext101_32x8d,1,Pneumonia,0.5934343434343434,0.5240885416666667
resnext101_32x8d,1,Pneumothorax,0.39646464646464646,0.645408163265306
resnext101_32x8d,2,Atelectasis,0.6125051419169067,0.6097366320830008
resnext101_32x8d,2,Cardiomegaly,0.7047368421052632,0.6461180575748764
resnext101_32x8d,2,Consolidation,0.952020202020202,0.5364583333333333
resnext101_32x8d,2,Edema,0.6893939393939394,0.3517587939698492
resnext101_32x8d,2,Effusion,0.7894503546099292,0.6173684210526317
resnext101_32x8d,2,Emphysema,0.34974358974358977,0.52
resnext101_32x8d,2,Fibrosis,0.5759162303664922,0.6281866281866282
resnext101_32x8d,2,Hernia,,0.6598984771573604
resnext101_32x8d,2,Infiltration,0.5802777777777778,0.618399564507349
resnext101_32x8d,2,Mass,0.6421356421356422,0.7311197916666667
resnext101_32x8d,2,Nodule,0.42635085122131755,0.44809537656295434
resnext101_32x8d,2,Pleural_Thickening,0.6336047372316802,0.43589743589743585
resnext101_32x8d,2,Pneumonia,0.5126262626262627,0.5247395833333333
resnext101_32x8d,2,Pneumothorax,0.45202020202020204,0.7346938775510204
resnext101_32x8d,3,Atelectasis,0.5989304812834225,0.6887470071827613
resnext101_32x8d,3,Cardiomegaly,0.7552631578947369,0.6592032567606863
resnext101_32x8d,3,Consolidation,0.8813131313131313,0.43815104166666663
resnext101_32x8d,3,Edema,0.3888888888888889,0.16080402010050254
resnext101_32x8d,3,Effusion,0.6719858156028369,0.6236842105263158
resnext101_32x8d,3,Emphysema,0.4030769230769231,0.6912820512820512
resnext101_32x8d,3,Fibrosis,0.4950552646887726,0.5656565656565657
resnext101_32x8d,3,Hernia,,0.8071065989847716
resnext101_32x8d,3,Infiltration,0.5877777777777778,0.5853747051351842
resnext101_32x8d,3,Mass,0.48725348725348727,0.34309895833333337
resnext101_32x8d,3,Nodule,0.40044411547002223,0.4553649316661821
resnext101_32x8d,3,Pleural_Thickening,0.4278312361213915,0.4804639804639804
resnext101_32x8d,3,Pneumonia,0.36363636363636365,0.49609375000000006
resnext101_32x8d,3,Pneumothorax,0.41161616161616166,0.24617346938775508
resnext101_32x8d,4,Atelectasis,0.560263266145619,0.6052141527001862
resnext101_32x8d,4,Cardiomegaly,0.5389473684210526,0.6344867694097122
resnext101_32x8d,4,Consolidation,0.5505050505050505,0.6002604166666667
resnext101_32x8d,4,Edema,0.47222222222222227,0.5577889447236181
resnext101_32x8d,4,Effusion,0.7531028368794326,0.6984210526315789
resnext101_32x8d,4,Emphysema,0.5682051282051281,0.47692307692307695
resnext101_32x8d,4,Fibrosis,0.41070389761489234,0.6676286676286677
resnext101_32x8d,4,Hernia,,0.6379018612521151
resnext101_32x8d,4,Infiltration,0.6202777777777778,0.517691888949374
resnext101_32x8d,4,Mass,0.6964886964886965,0.5149739583333334
resnext101_32x8d,4,Nodule,0.4152479644707624,0.5731317243384705
resnext101_32x8d,4,Pleural_Thickening,0.4959289415247964,0.5347985347985348
resnext101_32x8d,4,Pneumonia,0.5833333333333333,0.6497395833333333
resnext101_32x8d,4,Pneumothorax,0.5808080808080808,0.5676020408163265
resnext101_32x8d,5,Atelectasis,0.6692719045660223,0.6315509444001065
resnext101_32x8d,5,Cardiomegaly,0.8094736842105263,0.7917999418435592
resnext101_32x8d,5,Consolidation,0.898989898989899,0.6536458333333334
resnext101_32x8d,5,Edema,0.6161616161616161,0.7487437185929648
resnext101_32x8d,5,Effusion,0.6773049645390071,0.6405263157894737
resnext101_32x8d,5,Emphysema,0.6348717948717949,0.42871794871794877
resnext101_32x8d,5,Fibrosis,0.5922047702152413,0.6373256373256373
resnext101_32x8d,5,Hernia,,0.6040609137055838
resnext101_32x8d,5,Infiltration,0.6372222222222222,0.578116494284159
resnext101_32x8d,5,Mass,0.6873496873496874,0.6093749999999999
resnext101_32x8d,5,Nodule,0.4374537379718727,0.5059610351846466
resnext101_32x8d,5,Pleural_Thickening,0.5070318282753516,0.4853479853479854
resnext101_32x8d,5,Pneumonia,0.6414141414141414,0.49544270833333337
resnext101_32x8d,5,Pneumothorax,0.76010101010101,0.6556122448979592
convnext_base,1,Atelectasis,0.4956807897984369,0.5339185953711093
convnext_base,1,Cardiomegaly,0.6205263157894737,0.6088979354463506
convnext_base,1,Consolidation,0.5126262626262627,0.529296875
convnext_base,1,Edema,0.23232323232323232,0.25125628140703515
convnext_base,1,Effusion,0.7632978723404255,0.7368421052631579
convnext_base,1,Emphysema,0.602051282051282,0.37743589743589745
convnext_base,1,Fibrosis,0.47876672484002325,0.47811447811447816
convnext_base,1,Hernia,,0.31472081218274106
convnext_base,1,Infiltration,0.6586111111111111,0.5557067682816186
convnext_base,1,Mass,0.39201539201539204,0.4817708333333333
convnext_base,1,Nodule,0.5832716506291635,0.5373655132305901
convnext_base,1,Pleural_Thickening,0.3900814211695041,0.6105006105006106
convnext_base,1,Pneumonia,0.6464646464646464,0.4440104166666667
convnext_base,1,Pneumothorax,0.49747474747474746,0.6798469387755102
convnext_base,2,Atelectasis,0.5088440970793913,0.5639797818568769
convnext_base,2,Cardiomegaly,0.6189473684210527,0.7403314917127072
convnext_base,2,Consolidation,0.4494949494949495,0.30338541666666663
convnext_base,2,Edema,0.20707070707070707,0.20100502512562812
convnext_base,2,Effusion,0.8085106382978724,0.5052631578947369
convnext_base,2,Emphysema,0.5620512820512821,0.46153846153846156
convnext_base,2,Fibrosis,0.5642815590459569,0.758056758056758
convnext_base,2,Hernia,,0.3942470389170897
convnext_base,2,Infiltration,0.6419444444444444,0.5786608600979859
convnext_base,2,Mass,0.3121693121693122,0.33072916666666663
convnext_base,2,Nodule,0.5669874167283493,0.4245420180284966
convnext_base,2,Pleural_Thickening,0.3960029607698001,0.5886752136752137
convnext_base,2,Pneumonia,0.3434343434343434,0.4720052083333333
convnext_base,2,Pneumothorax,0.3787878787878788,0.44387755102040816
convnext_base,5,Atelectasis,0.544220485396956,0.5794094173982441
convnext_base,5,Cardiomegaly,0.7594736842105263,0.7365513230590288
convnext_base,5,Consolidation,0.8434343434343434,0.5162760416666667
convnext_base,5,Edema,0.6893939393939394,0.9095477386934674
convnext_base,5,Effusion,0.7189716312056738,0.48473684210526313
convnext_base,5,Emphysema,0.5784615384615385,0.38769230769230756
convnext_base,5,Fibrosis,0.45433391506689935,0.721019721019721
convnext_base,5,Hernia,,0.6565143824027073
convnext_base,5,Infiltration,0.6477777777777778,0.6058791507893305
convnext_base,5,Mass,0.5444925444925446,0.5071614583333334
convnext_base,5,Nodule,0.5521835677276092,0.5879616167490549
convnext_base,5,Pleural_Thickening,0.45743893412287195,0.5051892551892552
convnext_base,5,Pneumonia,0.7727272727272727,0.2955729166666667
convnext_base,5,Pneumothorax,0.23989898989898994,0.28061224489795916
convnext_large,1,Atelectasis,0.47799259563965446,0.5865921787709497
convnext_large,1,Cardiomegaly,0.6747368421052631,0.7004943297470194
convnext_large,1,Consolidation,0.744949494949495,0.5084635416666667
convnext_large,1,Edema,0.8131313131313131,0.6783919597989949
convnext_large,1,Effusion,0.7265070921985815,0.6621052631578948
convnext_large,1,Emphysema,0.5866666666666667,0.5743589743589743
convnext_large,1,Fibrosis,0.506108202443281,0.7715247715247716
convnext_large,1,Hernia,,0.8121827411167513
convnext_large,1,Infiltration,0.6369444444444445,0.5915441843585557
convnext_large,1,Mass,0.5084175084175084,0.46614583333333337
convnext_large,1,Nodule,0.5070318282753516,0.47339342832218667
convnext_large,1,Pleural_Thickening,0.7150259067357514,0.4542124542124542
convnext_large,1,Pneumonia,0.38131313131313127,0.5852864583333334
convnext_large,1,Pneumothorax,0.4722222222222222,0.47193877551020413
convnext_large,2,Atelectasis,0.5853558206499383,0.5980313913274806
convnext_large,2,Cardiomegaly,0.6684210526315789,0.6621110788019773
convnext_large,2,Consolidation,0.744949494949495,0.5592447916666667
convnext_large,2,Edema,0.7878787878787878,0.37688442211055273
convnext_large,2,Effusion,0.7393617021276595,0.6752631578947368
convnext_large,2,Emphysema,0.6082051282051282,0.43692307692307697
convnext_large,2,Fibrosis,0.5706806282722513,0.60990860990861
convnext_large,2,Hernia,,0.6040609137055837
convnext_large,2,Infiltration,0.7186111111111111,0.5616040645980767
convnext_large,2,Mass,0.6368446368446369,0.45442708333333337
convnext_large,2,Nodule,0.6247224278312361,0.44693224774643786
convnext_large,2,Pleural_Thickening,0.4011843079200592,0.5222832722832723
convnext_large,2,Pneumonia,0.3409090909090909,0.6595052083333334
convnext_large,2,Pneumothorax,0.8181818181818181,0.7589285714285714
convnext_large,3,Atelectasis,0.5322912381735911,0.6158552806597499
convnext_large,3,Cardiomegaly,0.7457894736842106,0.7787147426577493
convnext_large,3,Consolidation,0.7323232323232323,0.6510416666666666
convnext_large,3,Edema,0.8585858585858586,0.7487437185929648
convnext_large,3,Effusion,0.8058510638297872,0.661578947368421
convnext_large,3,Emphysema,0.558974358974359,0.36102564102564105
convnext_large,3,Fibrosis,0.41012216404886565,0.5233285233285233
convnext_large,3,Hernia,,0.8138747884940779
convnext_large,3,Infiltration,0.6119444444444445,0.6234803121030666
convnext_large,3,Mass,0.5531505531505532,0.501953125
convnext_large,3,Nodule,0.5085122131754256,0.49462052922361144
convnext_large,3,Pleural_Thickening,0.5536639526276832,0.40415140415140416
convnext_large,3,Pneumonia,0.494949494949495,0.43684895833333337
convnext_large,3,Pneumothorax,0.5858585858585859,0.3762755102040816
convnext_large,4,Atelectasis,0.5886466474701769,0.6376695929768555
convnext_large,4,Cardiomegaly,0.7678947368421053,0.7391683628961907
convnext_large,4,Consolidation,0.7954545454545454,0.5755208333333333
convnext_large,4,Edema,0.5757575757575757,0.7336683417085428
convnext_large,4,Effusion,0.7362588652482269,0.5636842105263158
convnext_large,4,Emphysema,0.5907692307692307,0.14974358974358976
convnext_large,4,Fibrosis,0.45200698080279234,0.6301106301106301
convnext_large,4,Hernia,,0.673434856175973
convnext_large,4,Infiltration,0.6527777777777778,0.5561604064598076
convnext_large,4,Mass,0.5425685425685427,0.5234375
convnext_large,4,Nodule,0.5521835677276092,0.441988950276243
convnext_large,4,Pleural_Thickening,0.5077720207253886,0.4755799755799756
convnext_large,4,Pneumonia,0.654040404040404,0.36328125
convnext_large,4,Pneumothorax,0.6085858585858586,0.5650510204081634
convnext_large,5,Atelectasis,0.5972850678733032,0.6235700984304337
convnext_large,5,Cardiomegaly,0.8189473684210528,0.748182611224193
convnext_large,5,Consolidation,0.8636363636363636,0.6516927083333334
convnext_large,5,Edema,0.6439393939393939,0.7939698492462312
convnext_large,5,Effusion,0.7912234042553191,0.6342105263157896
convnext_large,5,Emphysema,0.6676923076923077,0.2923076923076923
convnext_large,5,Fibrosis,0.4973821989528796,0.40740740740740744
convnext_large,5,Hernia,,0.6598984771573603
convnext_large,5,Infiltration,0.6894444444444445,0.5790237706405371
convnext_large,5,Mass,0.51996151996152,0.5345052083333333
convnext_large,5,Nodule,0.4877868245743894,0.5635359116022098
convnext_large,5,Pleural_Thickening,0.6010362694300518,0.5781440781440781
convnext_large,5,Pneumonia,0.14393939393939392,0.5390625
convnext_large,5,Pneumothorax,0.7626262626262627,0.7346938775510203
swin_b,1,Atelectasis,0.5368161250514192,0.5277999467943602
swin_b,1,Cardiomegaly,0.5505263157894736,0.5492875835998837
swin_b,1,Consolidation,0.547979797979798,0.6100260416666667
swin_b,1,Edema,0.8712121212121212,0.6130653266331658
swin_b,1,Effusion,0.5625,0.31157894736842107
swin_b,1,Emphysema,0.5333333333333334,0.47282051282051285
swin_b,1,Fibrosis,0.46131471785922046,0.48869648869648874
swin_b,1,Hernia,,0.350253807106599
swin_b,1,Infiltration,0.6869444444444444,0.5450916349119941
swin_b,1,Mass,0.5834535834535834,0.6471354166666667
swin_b,1,Nodule,0.5144337527757217,0.5597557429485316
swin_b,1,Pleural_Thickening,0.4752035529237602,0.4694749694749695
swin_b,1,Pneumonia,0.33080808080808083,0.5032552083333333
swin_b,1,Pneumothorax,0.1616161616161616,0.5153061224489797
swin_b,2,Atelectasis,0.41217605923488276,0.4831072093641926
swin_b,2,Cardiomegaly,0.4636842105263158,0.4382087816225647
swin_b,2,Consolidation,0.5631313131313131,0.5696614583333333
swin_b,2,Edema,0.7575757575757576,0.4522613065326633
swin_b,2,Effusion,0.5554078014184397,0.6773684210526316
swin_b,2,Emphysema,0.4523076923076923,0.6512820512820513
swin_b,2,Fibrosis,0.5741710296684119,0.5339105339105339
swin_b,2,Hernia,,0.6683587140439933
swin_b,2,Infiltration,0.6763888888888889,0.5452730901832699
swin_b,2,Mass,0.583934583934584,0.615234375
swin_b,2,Nodule,0.5662472242783123,0.4475138121546961
swin_b,2,Pleural_Thickening,0.5625462620281273,0.46306471306471303
swin_b,2,Pneumonia,0.3207070707070707,0.6881510416666666
swin_b,2,Pneumothorax,0.6161616161616161,0.8494897959183673
swin_b,3,Atelectasis,0.40723981900452494,0.48922585794094176
swin_b,3,Cardiomegaly,0.498421052631579,0.412038383250945
swin_b,3,Consolidation,0.6616161616161615,0.6471354166666667
swin_b,3,Edema,0.8055555555555556,0.592964824120603
swin_b,3,Effusion,0.5930851063829787,0.6363157894736842
swin_b,3,Emphysema,0.35794871794871796,0.6000000000000001
swin_b,3,Fibrosis,0.4688772542175683,0.2765752765752766
swin_b,3,Hernia,,0.47715736040609136
swin_b,3,Infiltration,0.6605555555555556,0.5371076029758665
swin_b,3,Mass,0.48917748917748916,0.39973958333333337
swin_b,3,Nodule,0.5558845299777943,0.46815934864786274
swin_b,3,Pleural_Thickening,0.5196150999259808,0.39377289377289376
swin_b,3,Pneumonia,0.2272727272727273,0.7526041666666667
swin_b,3,Pneumothorax,0.5909090909090909,0.7181122448979592
swin_b,4,Atelectasis,0.6096256684491979,0.5347166799680766
swin_b,4,Cardiomegaly,0.56,0.5335853445769119
swin_b,4,Consolidation,0.4671717171717172,0.359375
swin_b,4,Edema,0.202020202020202,0.4371859296482412
swin_b,4,Effusion,0.4224290780141844,0.3694736842105263
swin_b,4,Emphysema,0.6051282051282052,0.28717948717948716
swin_b,4,Fibrosis,0.4578243164630599,0.5464165464165465
swin_b,4,Hernia,,0.2910321489001692
swin_b,4,Infiltration,0.45305555555555554,0.566321901651243
swin_b,4,Mass,0.37373737373737376,0.33723958333333337
swin_b,4,Nodule,0.44929681717246484,0.5472521081709799
swin_b,4,Pleural_Thickening,0.464840858623242,0.5659340659340659
swin_b,4,Pneumonia,0.6565656565656566,0.31315104166666663
swin_b,4,Pneumothorax,0.4267676767676768,0.1900510204081633
resnet50,1,Atelectasis,0.5717811600164542,0.6078744346900772
resnet50,1,Cardiomegaly,0.6652631578947369,0.6970049432974702
resnet50,1,Consolidation,0.7474747474747474,0.5442708333333334
resnet50,1,Edema,0.7752525252525252,0.8391959798994975
resnet50,1,Effusion,0.7624113475177305,0.5910526315789474
resnet50,1,Emphysema,0.601025641025641,0.5835897435897436
resnet50,1,Fibrosis,0.4572425828970332,0.696969696969697
resnet50,1,Hernia,,0.637901861252115
resnet50,1,Infiltration,0.6083333333333334,0.5440029032843404
resnet50,1,Mass,0.6493506493506493,0.5169270833333334
resnet50,1,Nodule,0.5440414507772021,0.4501308519918581
resnet50,1,Pleural_Thickening,0.6432272390821614,0.5076312576312576
resnet50,1,Pneumonia,0.5555555555555556,0.5618489583333334
resnet50,1,Pneumothorax,0.6161616161616161,0.7206632653061225
swin_b,5,Atelectasis,0.43644590703414227,0.45198191008246874
swin_b,5,Cardiomegaly,0.5457894736842106,0.5388194242512359
swin_b,5,Consolidation,0.6414141414141414,0.650390625
swin_b,5,Edema,0.6767676767676767,0.46733668341708545
swin_b,5,Effusion,0.34973404255319146,0.37315789473684213
swin_b,5,Emphysema,0.3517948717948718,0.7230769230769231
swin_b,5,Fibrosis,0.4909831297265852,0.30254930254930257
swin_b,5,Hernia,,0.5956006768189509
swin_b,5,Infiltration,0.6861111111111111,0.5416439847577572
swin_b,5,Mass,0.5901875901875903,0.4817708333333333
swin_b,5,Nodule,0.617320503330866,0.46583309101482984
swin_b,5,Pleural_Thickening,0.2686898593634345,0.5016788766788767
swin_b,5,Pneumonia,0.2222222222222222,0.708984375
swin_b,5,Pneumothorax,0.40909090909090906,0.8418367346938775
resnet50,2,Atelectasis,0.6532291238173591,0.6233040702314445
resnet50,2,Cardiomegaly,0.6336842105263158,0.5725501599302123
resnet50,2,Consolidation,0.7550505050505051,0.6178385416666667
resnet50,2,Edema,0.7954545454545454,0.6733668341708543
resnet50,2,Effusion,0.7065602836879432,0.5584210526315789
resnet50,2,Emphysema,0.6625641025641026,0.7333333333333334
resnet50,2,Fibrosis,0.5497382198952879,0.6863876863876863
resnet50,2,Hernia,,0.6040609137055838
resnet50,2,Infiltration,0.6572222222222223,0.5784794048267102
resnet50,2,Mass,0.6464646464646465,0.541015625
resnet50,2,Nodule,0.2783123612139156,0.4582727537074731
resnet50,2,Pleural_Thickening,0.40118430792005916,0.5738705738705738
resnet50,2,Pneumonia,0.45707070707070707,0.66015625
resnet50,2,Pneumothorax,0.8207070707070707,0.7653061224489797
resnet50,3,Atelectasis,0.6088029617441383,0.6299547752061718
resnet50,3,Cardiomegaly,0.5094736842105263,0.5809828438499564
resnet50,3,Consolidation,0.7474747474747474,0.53125
resnet50,3,Edema,0.42424242424242425,0.25125628140703515
resnet50,3,Effusion,0.6843971631205673,0.6305263157894737
resnet50,3,Emphysema,0.49230769230769234,0.717948717948718
resnet50,3,Fibrosis,0.43688190808609656,0.5584415584415584
resnet50,3,Hernia,,0.38409475465313025
resnet50,3,Infiltration,0.7013888888888888,0.5733986572309926
resnet50,3,Mass,0.6046176046176046,0.5078125
resnet50,3,Nodule,0.46632124352331605,0.4943297470194824
resnet50,3,Pleural_Thickening,0.5196150999259808,0.5442612942612943
resnet50,3,Pneumonia,0.27525252525252525,0.677734375
resnet50,3,Pneumothorax,0.6994949494949495,0.6951530612244898
resnet50,4,Atelectasis,0.5738379267791033,0.6022878425113062
resnet50,4,Cardiomegaly,0.5963157894736841,0.5670252980517593
resnet50,4,Consolidation,0.8207070707070707,0.744140625
resnet50,4,Edema,0.7752525252525252,0.864321608040201
resnet50,4,Effusion,0.7947695035460992,0.5952631578947368
resnet50,4,Emphysema,0.49846153846153846,0.49128205128205127
resnet50,4,Fibrosis,0.5602094240837696,0.5622895622895623
resnet50,4,Hernia,,0.7918781725888325
resnet50,4,Infiltration,0.6380555555555556,0.6409000181455271
resnet50,4,Mass,0.7335257335257336,0.677734375
resnet50,4,Nodule,0.6084381939304219,0.47368421052631576
resnet50,4,Pleural_Thickening,0.6521095484826054,0.4355921855921856
resnet50,4,Pneumonia,0.7146464646464646,0.6178385416666667
resnet50,4,Pneumothorax,0.6590909090909092,0.8660714285714286
resnet50,5,Atelectasis,0.609214315096668,0.6794360202181431
resnet50,5,Cardiomegaly,0.7910526315789475,0.6868275661529515
resnet50,5,Consolidation,0.9772727272727273,0.5325520833333334
resnet50,5,Edema,0.5858585858585859,0.4522613065326633
resnet50,5,Effusion,0.7420212765957447,0.756842105263158
resnet50,5,Emphysema,0.6235897435897436,0.277948717948718
resnet50,5,Fibrosis,0.5474112856311809,0.5401635401635402
resnet50,5,Hernia,,0.6632825719120136
resnet50,5,Infiltration,0.5822222222222222,0.5937216476138631
resnet50,5,Mass,0.6575276575276575,0.49283854166666663
resnet50,5,Nodule,0.32790525536639525,0.48851410293690023
resnet50,5,Pleural_Thickening,0.4855662472242783,0.5564713064713065
resnet50,5,Pneumonia,0.553030303030303,0.6477864583333334
resnet50,5,Pneumothorax,0.7575757575757576,0.7244897959183674
mobilenet_v3_large,1,Atelectasis,0.7120526532291238,0.62463421122639
mobilenet_v3_large,1,Cardiomegaly,0.6857894736842105,0.718232044198895
mobilenet_v3_large,1,Consolidation,0.851010101010101,0.45638020833333337
mobilenet_v3_large,1,Edema,0.75,0.22613065326633164
mobilenet_v3_large,1,Effusion,0.7522163120567376,0.7115789473684211
mobilenet_v3_large,1,Emphysema,0.6276923076923077,0.7733333333333334
mobilenet_v3_large,1,Fibrosis,0.4048865619546248,0.5541125541125542
mobilenet_v3_large,1,Hernia,,0.7935702199661591
mobilenet_v3_large,1,Infiltration,0.5638888888888889,0.5200508074759571
mobilenet_v3_large,1,Mass,0.6363636363636365,0.5052083333333333
mobilenet_v3_large,1,Nodule,0.5240562546262029,0.3815062518173888
mobilenet_v3_large,1,Pleural_Thickening,0.5107327905255366,0.4984737484737485
mobilenet_v3_large,1,Pneumonia,0.5454545454545454,0.552734375
mobilenet_v3_large,1,Pneumothorax,0.8358585858585859,0.514030612244898
mobilenet_v3_large,2,Atelectasis,0.5960510078157137,0.6719872306464485
mobilenet_v3_large,2,Cardiomegaly,0.5147368421052632,0.5577202675196278
mobilenet_v3_large,2,Consolidation,0.5303030303030304,0.3248697916666667
mobilenet_v3_large,2,Edema,0.4191919191919192,0.6633165829145728
mobilenet_v3_large,2,Effusion,0.5403368794326241,0.5752631578947368
mobilenet_v3_large,2,Emphysema,0.48923076923076925,0.6112820512820513
mobilenet_v3_large,2,Fibrosis,0.4950552646887726,0.544973544973545
mobilenet_v3_large,2,Hernia,,0.3282571912013536
mobilenet_v3_large,2,Infiltration,0.5208333333333333,0.512248230811105
mobilenet_v3_large,2,Mass,0.4531024531024531,0.5996093750000001
mobilenet_v3_large,2,Nodule,0.4463360473723168,0.5274789182902007
mobilenet_v3_large,2,Pleural_Thickening,0.4322723908216136,0.5885225885225885
mobilenet_v3_large,2,Pneumonia,0.3964646464646464,0.40039062499999994
mobilenet_v3_large,2,Pneumothorax,0.5606060606060606,0.6058673469387755
mobilenet_v3_large,3,Atelectasis,0.7330316742081447,0.6076084064910879
mobilenet_v3_large,3,Cardiomegaly,0.7457894736842106,0.6632742076184938
mobilenet_v3_large,3,Consolidation,0.7121212121212122,0.6875
mobilenet_v3_large,3,Edema,0.36363636363636365,0.6281407035175879
mobilenet_v3_large,3,Effusion,0.7007978723404256,0.46263157894736845
mobilenet_v3_large,3,Emphysema,0.5702564102564103,0.6215384615384616
mobilenet_v3_large,3,Fibrosis,0.4874927283304247,0.5998075998075998
mobilenet_v3_large,3,Hernia,,0.36548223350253806
mobilenet_v3_large,3,Infiltration,0.668611111111111,0.6252948648158229
mobilenet_v3_large,3,Mass,0.5238095238095238,0.5709635416666667
mobilenet_v3_large,3,Nodule,0.5255366395262768,0.5036347775516138
mobilenet_v3_large,3,Pleural_Thickening,0.4507772020725388,0.6282051282051282
mobilenet_v3_large,3,Pneumonia,0.6565656565656566,0.4264322916666667
mobilenet_v3_large,3,Pneumothorax,0.3686868686868687,0.49107142857142855
mobilenet_v3_large,4,Atelectasis,0.7058823529411765,0.6195796754455972
mobilenet_v3_large,4,Cardiomegaly,0.6405263157894737,0.623437045652806
mobilenet_v3_large,4,Consolidation,0.3888888888888889,0.525390625
mobilenet_v3_large,4,Edema,0.31060606060606055,0.085427135678392
mobilenet_v3_large,4,Effusion,0.7167553191489362,0.6026315789473684
mobilenet_v3_large,4,Emphysema,0.6871794871794872,0.5825641025641026
mobilenet_v3_large,4,Fibrosis,0.6137289121582314,0.6426166426166426
mobilenet_v3_large,4,Hernia,,0.4382402707275803
mobilenet_v3_large,4,Infiltration,0.615,0.6042460533478498
mobilenet_v3_large,4,Mass,0.5295815295815296,0.6139322916666667
mobilenet_v3_large,4,Nodule,0.4418948926720947,0.5402733352718814
mobilenet_v3_large,4,Pleural_Thickening,0.391561806069578,0.6620879120879121
mobilenet_v3_large,4,Pneumonia,0.5454545454545454,0.5221354166666667
mobilenet_v3_large,4,Pneumothorax,0.5151515151515151,0.5892857142857143
mobilenet_v3_large,5,Atelectasis,0.6499382969971206,0.5804735301942006
mobilenet_v3_large,5,Cardiomegaly,0.7557894736842106,0.671997673742367
mobilenet_v3_large,5,Consolidation,0.8661616161616161,0.43033854166666663
mobilenet_v3_large,5,Edema,0.6388888888888888,0.7738693467336684
mobilenet_v3_large,5,Effusion,0.6693262411347518,0.6489473684210526
mobilenet_v3_large,5,Emphysema,0.5364102564102564,0.40102564102564103
mobilenet_v3_large,5,Fibrosis,0.46713205351948806,0.6075036075036075
mobilenet_v3_large,5,Hernia,,0.7225042301184433
mobilenet_v3_large,5,Infiltration,0.5888888888888889,0.5904554527309017
mobilenet_v3_large,5,Mass,0.6075036075036075,0.50390625
mobilenet_v3_large,5,Nodule,0.543301258327165,0.33381797034021515
mobilenet_v3_large,5,Pleural_Thickening,0.4855662472242783,0.4838217338217339
mobilenet_v3_large,5,Pneumonia,0.8131313131313131,0.5091145833333333
mobilenet_v3_large,5,Pneumothorax,0.6717171717171717,0.5867346938775511
googlenet,1,Atelectasis,0.5495680789798437,0.6634743282787976
googlenet,1,Cardiomegaly,0.7189473684210527,0.6926432102355335
googlenet,1,Consolidation,0.9318181818181819,0.50390625
googlenet,1,Edema,0.7070707070707071,0.23115577889447236
googlenet,1,Effusion,0.8315602836879432,0.6478947368421053
googlenet,1,Emphysema,0.4933333333333334,0.4492307692307692
googlenet,1,Fibrosis,0.5648632926119836,0.5983645983645984
googlenet,1,Hernia,,0.6700507614213198
googlenet,1,Infiltration,0.6936111111111112,0.6191253855924514
googlenet,1,Mass,0.632996632996633,0.5572916666666666
googlenet,1,Nodule,0.39452257586972606,0.4754289037510904
googlenet,1,Pleural_Thickening,0.5632864544781643,0.5119047619047619
googlenet,1,Pneumonia,0.4217171717171717,0.55078125
googlenet,1,Pneumothorax,0.5782828282828283,0.8329081632653061
googlenet,2,Atelectasis,0.7531879884821061,0.6264964086193137
googlenet,2,Cardiomegaly,0.8242105263157894,0.6737423669671416
googlenet,2,Consolidation,0.8535353535353535,0.630859375
googlenet,2,Edema,0.3636363636363636,0.5125628140703518
googlenet,2,Effusion,0.7362588652482269,0.6626315789473685
googlenet,2,Emphysema,0.5353846153846153,0.7846153846153847
googlenet,2,Fibrosis,0.6591041303083187,0.5906685906685907
googlenet,2,Hernia,,0.5397631133671743
googlenet,2,Infiltration,0.6919444444444445,0.5049900199600799
googlenet,2,Mass,0.5762385762385762,0.498046875
googlenet,2,Nodule,0.537379718726869,0.46554230881070074
googlenet,2,Pleural_Thickening,0.5714285714285714,0.5033577533577533
googlenet,2,Pneumonia,0.10858585858585856,0.7024739583333334
googlenet,2,Pneumothorax,0.6742424242424243,0.7334183673469388
googlenet,3,Atelectasis,0.6301933360756891,0.6632083000798085
googlenet,3,Cardiomegaly,0.8363157894736842,0.7787147426577493
googlenet,3,Consolidation,0.9015151515151515,0.4348958333333333
googlenet,3,Edema,0.26515151515151514,0.10552763819095479
googlenet,3,Effusion,0.7052304964539008,0.6568421052631579
googlenet,3,Emphysema,0.5558974358974359,0.4441025641025641
googlenet,3,Fibrosis,0.5927865037812682,0.6277056277056277
googlenet,3,Hernia,,0.6954314720812182
googlenet,3,Infiltration,0.6561111111111111,0.6093268009435674
googlenet,3,Mass,0.44973544973544977,0.505859375
googlenet,3,Nodule,0.42709104367135453,0.5225356208200058
googlenet,3,Pleural_Thickening,0.44115470022205777,0.49725274725274726
googlenet,3,Pneumonia,0.601010101010101,0.48502604166666663
googlenet,3,Pneumothorax,0.4772727272727273,0.5625
googlenet,4,Atelectasis,0.5265322912381736,0.6509710029263103
googlenet,4,Cardiomegaly,0.7584210526315789,0.6847920907240477
googlenet,4,Consolidation,0.9292929292929293,0.5944010416666666
googlenet,4,Edema,0.6717171717171717,0.4170854271356784
googlenet,4,Effusion,0.7721631205673759,0.7673684210526317
googlenet,4,Emphysema,0.4635897435897436,0.561025641025641
googlenet,4,Fibrosis,0.4502617801047121,0.49591149591149597
googlenet,4,Hernia,,0.4314720812182741
googlenet,4,Infiltration,0.5933333333333334,0.644892034113591
googlenet,4,Mass,0.6281866281866282,0.47591145833333326
googlenet,4,Nodule,0.44855662472242785,0.4591451003198604
googlenet,4,Pleural_Thickening,0.5196150999259808,0.5189255189255189
googlenet,4,Pneumonia,0.6338383838383839,0.5455729166666666
googlenet,4,Pneumothorax,0.5378787878787878,0.5573979591836735
googlenet,5,Atelectasis,0.607157548334019,0.6211758446395317
googlenet,5,Cardiomegaly,0.7031578947368421,0.7086362314626344
googlenet,5,Consolidation,0.76010101010101,0.6334635416666666
googlenet,5,Edema,0.5631313131313131,0.10050251256281406
googlenet,5,Effusion,0.74822695035461,0.6278947368421053
googlenet,5,Emphysema,0.45128205128205123,0.5917948717948718
googlenet,5,Fibrosis,0.44095404304828384,0.4353054353054353
googlenet,5,Hernia,,0.44839255499153974
googlenet,5,Infiltration,0.5602777777777778,0.673380511703865
googlenet,5,Mass,0.6647426647426647,0.5533854166666667
googlenet,5,Nodule,0.387860843819393,0.4731026461180575
googlenet,5,Pleural_Thickening,0.5965951147298297,0.49206349206349204
googlenet,5,Pneumonia,0.2676767676767677,0.5807291666666667
googlenet,5,Pneumothorax,0.6439393939393939,0.6007653061224489
vgg16,1,Atelectasis,0.44467297408473877,0.4535780792764033
vgg16,1,Cardiomegaly,0.45736842105263154,0.5539400988659494
vgg16,1,Consolidation,0.4898989898989899,0.5286458333333334
vgg16,1,Edema,0.6313131313131313,0.5276381909547738
vgg16,1,Effusion,0.4734042553191489,0.39842105263157895
vgg16,1,Emphysema,0.5846153846153846,0.7015384615384614
vgg16,1,Fibrosis,0.48923792902850494,0.2991822991822992
vgg16,1,Hernia,,0.3062605752961083
vgg16,1,Infiltration,0.61,0.4759571765559789
vgg16,1,Mass,0.6397306397306397,0.439453125
vgg16,1,Nodule,0.4863064396743153,0.4515847630125036
vgg16,1,Pleural_Thickening,0.5099925980754996,0.4282661782661783
vgg16,1,Pneumonia,0.35353535353535354,0.5592447916666667
vgg16,1,Pneumothorax,0.8636363636363636,0.413265306122449
vgg16,2,Atelectasis,0.5141916906622789,0.535780792764033
vgg16,2,Cardiomegaly,0.4810526315789474,0.4972375690607735
vgg16,2,Consolidation,0.4242424242424242,0.4192708333333333
vgg16,2,Edema,0.16414141414141414,0.6783919597989949
vgg16,2,Effusion,0.5190602836879432,0.37894736842105264
vgg16,2,Emphysema,0.6276923076923078,0.46871794871794875
vgg16,2,Fibrosis,0.42990110529377534,0.6079846079846081
vgg16,2,Hernia,,0.6632825719120136
vgg16,2,Infiltration,0.3602777777777778,0.5169660678642714
vgg16,2,Mass,0.4545454545454546,0.5260416666666667
vgg16,2,Nodule,0.5455218356772761,0.5379470776388484
vgg16,2,Pleural_Thickening,0.6447076239822354,0.5238095238095238
vgg16,2,Pneumonia,0.48484848484848486,0.31315104166666663
vgg16,2,Pneumothorax,0.30808080808080807,0.23086734693877553
vgg16,3,Atelectasis,0.6565199506375977,0.5980313913274807
vgg16,3,Cardiomegaly,0.4652631578947368,0.5164291945332946
vgg16,3,Consolidation,0.18434343434343436,0.36588541666666663
vgg16,3,Edema,0.14393939393939398,0.3668341708542714
vgg16,3,Effusion,0.38652482269503546,0.4568421052631579
vgg16,3,Emphysema,0.515897435897436,0.27076923076923076
vgg16,3,Fibrosis,0.4392088423502035,0.6142376142376142
vgg16,3,Hernia,,0.38409475465313025
vgg16,3,Infiltration,0.3386111111111111,0.45019052803483944
vgg16,3,Mass,0.2794612794612795,0.30533854166666663
vgg16,3,Nodule,0.34122871946706146,0.5725501599302123
vgg16,3,Pleural_Thickening,0.3478904515173945,0.5952380952380952
vgg16,3,Pneumonia,0.7020202020202021,0.3834635416666667
vgg16,3,Pneumothorax,0.4242424242424242,0.12244897959183676
vgg16,4,Atelectasis,0.44878650761003713,0.4275073157754722
vgg16,4,Cardiomegaly,0.518421052631579,0.5728409421343414
vgg16,4,Consolidation,0.5353535353535354,0.5455729166666667
vgg16,4,Edema,0.6414141414141414,0.3668341708542714
vgg16,4,Effusion,0.4499113475177305,0.44894736842105265
vgg16,4,Emphysema,0.6235897435897435,0.6994871794871795
vgg16,4,Fibrosis,0.5427574171029668,0.46993746993747
vgg16,4,Hernia,,0.36548223350253806
vgg16,4,Infiltration,0.45388888888888895,0.4423879513699874
vgg16,4,Mass,0.6108706108706108,0.60546875
vgg16,4,Nodule,0.4685418208734271,0.46903169526025
vgg16,4,Pleural_Thickening,0.4093264248704663,0.4484126984126984
vgg16,4,Pneumonia,0.3232323232323232,0.634765625
vgg16,4,Pneumothorax,0.9848484848484849,0.7448979591836735
vgg16,5,Atelectasis,0.4570135746606335,0.5230114392125566
vgg16,5,Cardiomegaly,0.4868421052631579,0.5091596394300668
vgg16,5,Consolidation,0.40909090909090906,0.56640625
vgg16,5,Edema,0.7853535353535354,0.914572864321608
vgg16,5,Effusion,0.47650709219858156,0.5552631578947369
vgg16,5,Emphysema,0.5538461538461539,0.6112820512820514
vgg16,5,Fibrosis,0.4496800465386853,0.4747474747474748
vgg16,5,Hernia,,0.45177664974619286
vgg16,5,Infiltration,0.6280555555555555,0.4543639992741789
vgg16,5,Mass,0.5021645021645021,0.556640625
vgg16,5,Nodule,0.4840858623242043,0.5289328293108462
vgg16,5,Pleural_Thickening,0.5840118430792005,0.46184371184371187
vgg16,5,Pneumonia,0.37373737373737376,0.6106770833333333
vgg16,5,Pneumothorax,0.7222222222222222,0.7831632653061225
vgg19,1,Atelectasis,0.5824763471822295,0.6230380420324555
vgg19,1,Cardiomegaly,0.6152631578947368,0.6123873218959
vgg19,1,Consolidation,0.34595959595959597,0.4231770833333333
vgg19,1,Edema,0.28030303030303033,0.3015075376884422
vgg19,1,Effusion,0.48670212765957444,0.49631578947368427
vgg19,1,Emphysema,0.5538461538461539,0.4369230769230769
vgg19,1,Fibrosis,0.4578243164630599,0.5824915824915825
vgg19,1,Hernia,,0.5143824027072759
vgg19,1,Infiltration,0.39555555555555555,0.46996915260388317
vgg19,1,Mass,0.47426647426647434,0.45182291666666663
vgg19,1,Nodule,0.4330125832716506,0.4899680139575458
vgg19,1,Pleural_Thickening,0.4981495188749075,0.4636752136752137
vgg19,1,Pneumonia,0.7272727272727272,0.3372395833333333
vgg19,1,Pneumothorax,0.6363636363636364,0.2538265306122449
vgg19,2,Atelectasis,0.46482928835870013,0.6219739292364991
vgg19,2,Cardiomegaly,0.44473684210526315,0.6760686246001745
vgg19,2,Consolidation,0.4671717171717171,0.4537760416666667
vgg19,2,Edema,0.48989898989898994,0.3668341708542714
vgg19,2,Effusion,0.3470744680851064,0.33526315789473693
vgg19,2,Emphysema,0.49435897435897436,0.7015384615384614
vgg19,2,Fibrosis,0.4269924374636417,0.3189033189033189
vgg19,2,Hernia,,0.27411167512690354
vgg19,2,Infiltration,0.6197222222222222,0.46488840500816553
vgg19,2,Mass,0.46945646945646946,0.47591145833333326
vgg19,2,Nodule,0.38564026646928196,0.4428612968886304
vgg19,2,Pleural_Thickening,0.5410806809770541,0.4087301587301587
vgg19,2,Pneumonia,0.18686868686868685,0.5611979166666666
vgg19,2,Pneumothorax,0.696969696969697,0.5114795918367347
vgg19,3,Atelectasis,0.4364459070341424,0.46608140462889064
vgg19,3,Cardiomegaly,0.5268421052631578,0.5254434428612968
vgg19,3,Consolidation,0.4494949494949495,0.5768229166666666
vgg19,3,Edema,0.6691919191919191,0.964824120603015
vgg19,3,Effusion,0.4348404255319149,0.48157894736842105
vgg19,3,Emphysema,0.5138461538461538,0.8
vgg19,3,Fibrosis,0.5922047702152414,0.392977392977393
vgg19,3,Hernia,,0.27241962774957695
vgg19,3,Infiltration,0.6009722222222222,0.4757757212847033
vgg19,3,Mass,0.5978835978835979,0.4713541666666667
vgg19,3,Nodule,0.45595854922279794,0.5196277987787147
vgg19,3,Pleural_Thickening,0.39748334566987414,0.5
vgg19,3,Pneumonia,0.13131313131313133,0.49283854166666663
vgg19,3,Pneumothorax,0.8257575757575757,0.610969387755102
vgg19,4,Atelectasis,0.5779514603044015,0.5663740356477787
vgg19,4,Cardiomegaly,0.48526315789473684,0.5571387031113696
vgg19,4,Consolidation,0.45959595959595956,0.43229166666666663
vgg19,4,Edema,0.2676767676767677,0.2864321608040201
vgg19,4,Effusion,0.44281914893617025,0.3731578947368421
vgg19,4,Emphysema,0.5394871794871795,0.23487179487179485
vgg19,4,Fibrosis,0.5369400814426992,0.6301106301106301
vgg19,4,Hernia,,0.4145516074450084
vgg19,4,Infiltration,0.3866666666666667,0.5207766285610597
vgg19,4,Mass,0.44733044733044736,0.390625
vgg19,4,Nodule,0.41302738712065135,0.5376562954347194
vgg19,4,Pleural_Thickening,0.42190969652109545,0.5247252747252747
vgg19,4,Pneumonia,0.7133838383838385,0.34309895833333337
vgg19,4,Pneumothorax,0.6136363636363636,0.389030612244898
alexnet,1,Atelectasis,0.6207322089675031,0.5908486299547752
alexnet,1,Cardiomegaly,0.5068421052631579,0.5158476301250363
alexnet,1,Consolidation,0.4772727272727273,0.330078125
alexnet,1,Edema,0.2095959595959596,0.3919597989949749
alexnet,1,Effusion,0.5527482269503546,0.3794736842105263
alexnet,1,Emphysema,0.5682051282051281,0.47487179487179493
alexnet,1,Fibrosis,0.5026178010471204,0.6224146224146223
alexnet,1,Hernia,,0.6057529610829103
alexnet,1,Infiltration,0.48277777777777775,0.47051351841771005
alexnet,1,Mass,0.45406445406445406,0.4134114583333333
alexnet,1,Nodule,0.46706143597335303,0.4492585053794707
alexnet,1,Pleural_Thickening,0.464100666173205,0.5824175824175825
alexnet,1,Pneumonia,0.494949494949495,0.46809895833333337
alexnet,1,Pneumothorax,0.452020202020202,0.5204081632653061
alexnet,2,Atelectasis,0.5540929658576718,0.6214418728385209
alexnet,2,Cardiomegaly,0.4894736842105263,0.5815644082582146
alexnet,2,Consolidation,0.5075757575757576,0.3541666666666667
alexnet,2,Edema,0.02777777777777779,0.6381909547738693
alexnet,2,Effusion,0.4663120567375887,0.5136842105263157
alexnet,2,Emphysema,0.5620512820512821,0.11384615384615385
alexnet,2,Fibrosis,0.48109365910413027,0.5988455988455988
alexnet,2,Hernia,,0.5025380710659899
alexnet,2,Infiltration,0.5391666666666667,0.6784612592995827
alexnet,2,Mass,0.37277537277537276,0.4830729166666667
alexnet,2,Nodule,0.48186528497409326,0.42919453329456236
alexnet,2,Pleural_Thickening,0.5284974093264249,0.5552503052503053
alexnet,2,Pneumonia,0.5580808080808081,0.3567708333333333
alexnet,2,Pneumothorax,0.5934343434343434,0.3469387755102041
vgg19,5,Atelectasis,0.36610448375154264,0.48257515296621445
vgg19,5,Cardiomegaly,0.5715789473684211,0.46466996219831347
vgg19,5,Consolidation,0.2398989898989899,0.529296875
vgg19,5,Edema,0.3005050505050505,0.06030150753768848
vgg19,5,Effusion,0.4445921985815603,0.5715789473684211
vgg19,5,Emphysema,0.38051282051282054,0.6779487179487179
vgg19,5,Fibrosis,0.4613147178592205,0.6320346320346321
vgg19,5,Hernia,,0.4670050761421319
vgg19,5,Infiltration,0.44083333333333335,0.4516421702050445
vgg19,5,Mass,0.5170755170755171,0.607421875
vgg19,5,Nodule,0.5025906735751295,0.4576911892992149
vgg19,5,Pleural_Thickening,0.3382679496669134,0.4926739926739927
vgg19,5,Pneumonia,0.297979797979798,0.470703125
vgg19,5,Pneumothorax,0.601010101010101,0.7946428571428572
alexnet,3,Atelectasis,0.4903331962155492,0.4852354349561053
alexnet,3,Cardiomegaly,0.4826315789473684,0.46757778423960455
alexnet,3,Consolidation,0.8156565656565656,0.46744791666666663
alexnet,3,Edema,0.7424242424242424,0.5577889447236181
alexnet,3,Effusion,0.6041666666666665,0.6594736842105263
alexnet,3,Emphysema,0.4441025641025641,0.6892307692307693
alexnet,3,Fibrosis,0.4874927283304247,0.30928330928330927
alexnet,3,Hernia,,0.4839255499153976
alexnet,3,Infiltration,0.5713888888888888,0.6027944111776448
alexnet,3,Mass,0.4660894660894661,0.4479166666666667
alexnet,3,Nodule,0.5188749074759438,0.4719395173015411
alexnet,3,Pleural_Thickening,0.5647668393782384,0.4630647130647131
alexnet,3,Pneumonia,0.07070707070707072,0.6380208333333334
alexnet,3,Pneumothorax,0.6085858585858586,0.5586734693877551
alexnet,4,Atelectasis,0.5368161250514192,0.5972333067305133
alexnet,4,Cardiomegaly,0.7247368421052631,0.6269264321023554
alexnet,4,Consolidation,0.6767676767676768,0.36197916666666663
alexnet,4,Edema,0.30808080808080807,0.6532663316582914
alexnet,4,Effusion,0.5177304964539008,0.3931578947368421
alexnet,4,Emphysema,0.5384615384615384,0.5035897435897436
alexnet,4,Fibrosis,0.4857475276323444,0.43482443482443484
alexnet,4,Hernia,,0.49576988155668356
alexnet,4,Infiltration,0.6013888888888889,0.6196697514062783
alexnet,4,Mass,0.4237614237614238,0.47200520833333337
alexnet,4,Nodule,0.4130273871206514,0.4946205292236115
alexnet,4,Pleural_Thickening,0.4907475943745374,0.4993894993894994
alexnet,4,Pneumonia,0.3484848484848485,0.36263020833333337
alexnet,4,Pneumothorax,0.5252525252525253,0.5191326530612245
alexnet,5,Atelectasis,0.48745372274784043,0.5937749401436552
alexnet,5,Cardiomegaly,0.5268421052631579,0.42599592904914224
alexnet,5,Consolidation,0.648989898989899,0.2942708333333333
alexnet,5,Edema,0.12121212121212116,0.11055276381909551
alexnet,5,Effusion,0.5177304964539007,0.42105263157894735
alexnet,5,Emphysema,0.47794871794871796,0.3005128205128205
alexnet,5,Fibrosis,0.537521815008726,0.5242905242905244
alexnet,5,Hernia,,0.6277495769881556
alexnet,5,Infiltration,0.5566666666666668,0.5325712211939757
alexnet,5,Mass,0.4025974025974026,0.46875
alexnet,5,Nodule,0.4744633604737232,0.3771445187554522
alexnet,5,Pleural_Thickening,0.48186528497409326,0.49694749694749696
alexnet,5,Pneumonia,0.44191919191919193,0.48632812499999994
alexnet,5,Pneumothorax,0.5833333333333333,0.3227040816326531
convnext_base,3,Atelectasis,0.5499794323323736,0.575685022612397
convnext_base,3,Cardiomegaly,0.5721052631578948,0.5213724920034895
convnext_base,3,Consolidation,0.7424242424242424,0.41210937500000006
convnext_base,3,Edema,0.49242424242424243,0.6482412060301508
convnext_base,3,Effusion,0.7668439716312058,0.6689473684210526
convnext_base,3,Emphysema,0.6225641025641026,0.321025641025641
convnext_base,3,Fibrosis,0.4537521815008726,0.5478595478595479
convnext_base,3,Hernia,,0.42639593908629436
convnext_base,3,Infiltration,0.6677777777777778,0.5891852658319725
convnext_base,3,Mass,0.33381433381433384,0.2805989583333333
convnext_base,3,Nodule,0.48556624722427827,0.4315207909275952
convnext_base,3,Pleural_Thickening,0.4485566247224278,0.5680708180708182
convnext_base,3,Pneumonia,0.4292929292929293,0.40657552083333337
convnext_base,3,Pneumothorax,0.4696969696969697,0.22066326530612243
convnext_base,1,Atelectasis,0.6219662690250927,0.5820696993881351
convnext_base,1,Cardiomegaly,0.5752631578947369,0.5763303285838907
convnext_base,1,Consolidation,0.6767676767676768,0.6315104166666666
convnext_base,1,Edema,0.8838383838383839,0.5025125628140703
convnext_base,1,Effusion,0.538563829787234,0.4978947368421053
convnext_base,1,Emphysema,0.6266666666666667,0.34153846153846157
convnext_base,1,Fibrosis,0.47178592204770214,0.6758056758056759
convnext_base,1,Hernia,,0.4314720812182741
convnext_base,1,Infiltration,0.6819444444444445,0.5610596987842497
convnext_base,1,Mass,0.39249639249639257,0.4654947916666667
convnext_base,1,Nodule,0.5795706883789785,0.49142192497819126
convnext_base,1,Pleural_Thickening,0.5011102886750555,0.4215506715506715
convnext_base,1,Pneumonia,0.22222222222222227,0.6770833333333333
convnext_base,1,Pneumothorax,0.42424242424242425,0.28316326530612246
convnext_base,2,Atelectasis,0.5985191279308926,0.5546687948922586
convnext_base,2,Cardiomegaly,0.6726315789473685,0.7025298051759232
convnext_base,2,Consolidation,0.7878787878787878,0.6393229166666666
convnext_base,2,Edema,0.7272727272727273,0.8442211055276381
convnext_base,2,Effusion,0.7052304964539007,0.6605263157894736
convnext_base,2,Emphysema,0.5569230769230769,0.3025641025641026
convnext_base,2,Fibrosis,0.4447353112274578,0.569023569023569
convnext_base,2,Hernia,,0.6074450084602369
convnext_base,2,Infiltration,0.6661111111111111,0.6080566140446381
convnext_base,2,Mass,0.4131794131794132,0.56640625
convnext_base,2,Nodule,0.5122131754256107,0.474265774934574
convnext_base,2,Pleural_Thickening,0.5270170244263508,0.47710622710622713
convnext_base,2,Pneumonia,0.7979797979797979,0.638671875
convnext_base,2,Pneumothorax,0.4444444444444444,0.30484693877551017
convnext_base,4,Atelectasis,0.5487453722747841,0.5860601223729716
convnext_base,4,Cardiomegaly,0.7647368421052632,0.7772608316371038
convnext_base,4,Consolidation,0.8383838383838383,0.6165364583333334
convnext_base,4,Edema,0.6843434343434343,0.6582914572864322
convnext_base,4,Effusion,0.7415780141843972,0.6631578947368422
convnext_base,4,Emphysema,0.5897435897435898,0.48410256410256414
convnext_base,4,Fibrosis,0.36998254799301916,0.42809042809042813
convnext_base,4,Hernia,,0.7360406091370557
convnext_base,4,Infiltration,0.6572222222222223,0.5911812738160044
convnext_base,4,Mass,0.5007215007215008,0.455078125
convnext_base,4,Nodule,0.5114729829755736,0.47135795289328286
convnext_base,4,Pleural_Thickening,0.4137675795706883,0.39010989010989017
convnext_base,4,Pneumonia,0.8131313131313131,0.5533854166666666
convnext_base,4,Pneumothorax,0.696969696969697,0.7410714285714285
convnext_base,3,Atelectasis,0.5055532702591525,0.5847299813780261
convnext_base,3,Cardiomegaly,0.601578947368421,0.625763303285839
convnext_base,3,Consolidation,0.7222222222222223,0.6295572916666667
convnext_base,3,Edema,0.30808080808080807,0.3869346733668342
convnext_base,3,Effusion,0.7047872340425532,0.491578947368421
convnext_base,3,Emphysema,0.5312820512820513,0.4553846153846154
convnext_base,3,Fibrosis,0.42524723676556136,0.5925925925925926
convnext_base,3,Hernia,,0.6311336717428089
convnext_base,3,Infiltration,0.668611111111111,0.5764833968426782
convnext_base,3,Mass,0.5733525733525734,0.6015625
convnext_base,3,Nodule,0.622501850481125,0.515266065716778
convnext_base,3,Pleural_Thickening,0.46484085862324204,0.5167887667887668
convnext_base,3,Pneumonia,0.16161616161616166,0.4420572916666667
convnext_base,3,Pneumothorax,0.5782828282828283,0.5956632653061225
convnext_base,5,Atelectasis,0.5285890580008228,0.5919127427507316
convnext_base,5,Cardiomegaly,0.6042105263157895,0.6155859261413201
convnext_base,5,Consolidation,0.7146464646464646,0.6373697916666667
convnext_base,5,Edema,0.8737373737373737,0.8844221105527639
convnext_base,5,Effusion,0.7832446808510637,0.5931578947368421
convnext_base,5,Emphysema,0.5261538461538462,0.4153846153846154
convnext_base,5,Fibrosis,0.4432809773123909,0.697931697931698
convnext_base,5,Hernia,,0.703891708967851
convnext_base,5,Infiltration,0.6627777777777778,0.5603338776991471
convnext_base,5,Mass,0.2746512746512747,0.38151041666666663
convnext_base,5,Nodule,0.3597335307179867,0.6048269845885431
convnext_base,5,Pleural_Thickening,0.5144337527757217,0.5857753357753358
convnext_base,5,Pneumonia,0.3560606060606061,0.6666666666666666
convnext_base,5,Pneumothorax,0.648989898989899,0.5994897959183674
convnext_large,1,Atelectasis,0.590703414232826,0.5913806863527533
convnext_large,1,Cardiomegaly,0.7310526315789474,0.7211398662401861
convnext_large,1,Consolidation,0.7196969696969697,0.5944010416666667
convnext_large,1,Edema,0.24747474747474746,0.6130653266331658
convnext_large,1,Effusion,0.7331560283687943,0.6031578947368421
convnext_large,1,Emphysema,0.6082051282051282,0.3558974358974359
convnext_large,1,Fibrosis,0.4706224549156486,0.7628667628667629
convnext_large,1,Hernia,,0.49238578680203043
convnext_large,1,Infiltration,0.6925,0.5808383233532934
convnext_large,1,Mass,0.33670033670033667,0.34440104166666663
convnext_large,1,Nodule,0.5936343449296817,0.41145681884268687
convnext_large,1,Pleural_Thickening,0.4892672094744633,0.5057997557997558
convnext_large,1,Pneumonia,0.8005050505050505,0.3971354166666667
convnext_large,1,Pneumothorax,0.48232323232323226,0.40178571428571425
convnext_large,2,Atelectasis,0.597696421225833,0.6424581005586593
convnext_large,2,Cardiomegaly,0.6878947368421053,0.685664437336435
convnext_large,2,Consolidation,0.7727272727272728,0.5872395833333333
convnext_large,2,Edema,0.7373737373737373,0.7989949748743719
convnext_large,2,Effusion,0.7331560283687943,0.5263157894736843
convnext_large,2,Emphysema,0.6502564102564103,0.31076923076923074
convnext_large,2,Fibrosis,0.44269924374636416,0.5603655603655604
convnext_large,2,Hernia,,0.7631133671742808
convnext_large,2,Infiltration,0.6788888888888889,0.5848303393213573
convnext_large,2,Mass,0.4083694083694084,0.40234375
convnext_large,2,Nodule,0.542561065877128,0.3887758069206165
convnext_large,2,Pleural_Thickening,0.5144337527757217,0.5470085470085471
convnext_large,2,Pneumonia,0.8636363636363636,0.25390625
convnext_large,2,Pneumothorax,0.6843434343434344,0.302295918367347
convnext_large,3,Atelectasis,0.5952283011106541,0.5969672785315243
convnext_large,3,Cardiomegaly,0.7047368421052632,0.7697004943297471
convnext_large,3,Consolidation,0.6843434343434344,0.6953125
convnext_large,3,Edema,0.8308080808080808,0.8743718592964824
convnext_large,3,Effusion,0.7836879432624113,0.6336842105263157
convnext_large,3,Emphysema,0.5958974358974358,0.2369230769230769
convnext_large,3,Fibrosis,0.4869109947643979,0.48436748436748445
convnext_large,3,Hernia,,0.8003384094754653
convnext_large,3,Infiltration,0.6525000000000001,0.6004354926510616
convnext_large,3,Mass,0.4983164983164983,0.5266927083333334
convnext_large,3,Nodule,0.5573649148778682,0.3727827856935156
convnext_large,3,Pleural_Thickening,0.5817912657290896,0.4587912087912088
convnext_large,3,Pneumonia,0.6111111111111112,0.5201822916666666
convnext_large,3,Pneumothorax,0.6186868686868687,0.6785714285714286
convnext_large,4,Atelectasis,0.4796380090497738,0.6344772545889863
convnext_large,4,Cardiomegaly,0.7747368421052632,0.7304448967723175
convnext_large,4,Consolidation,0.7777777777777778,0.5690104166666667
convnext_large,4,Edema,0.6944444444444445,0.728643216080402
convnext_large,4,Effusion,0.6906028368794326,0.7152631578947368
convnext_large,4,Emphysema,0.4851282051282051,0.2882051282051282
convnext_large,4,Fibrosis,0.45549738219895286,0.607022607022607
convnext_large,4,Hernia,,0.7351945854483926
convnext_large,4,Infiltration,0.6208333333333333,0.5998911268372346
convnext_large,4,Mass,0.622895622895623,0.44596354166666663
convnext_large,4,Nodule,0.544041450777202,0.4155277697004943
convnext_large,4,Pleural_Thickening,0.46262028127313104,0.43956043956043955
convnext_large,4,Pneumonia,0.4065656565656566,0.5748697916666667
convnext_large,4,Pneumothorax,0.6843434343434343,0.659438775510204
vit_b_16,1,Atelectasis,0.3805018510900864,0.40835328544825744
vit_b_16,1,Cardiomegaly,0.5368421052631579,0.5457981971503345
vit_b_16,1,Consolidation,0.6111111111111112,0.4889322916666667
vit_b_16,1,Edema,0.5378787878787878,0.11055276381909551
vit_b_16,1,Effusion,0.5168439716312057,0.5047368421052632
vit_b_16,1,Emphysema,0.6338461538461538,0.3333333333333333
vit_b_16,1,Fibrosis,0.5386852821407795,0.37902837902837905
vit_b_16,1,Hernia,,0.5617597292724196
vit_b_16,1,Infiltration,0.6794444444444444,0.54817637452368
vit_b_16,1,Mass,0.37421837421837423,0.34830729166666663
vit_b_16,1,Nodule,0.5499629903774982,0.5457981971503344
vit_b_16,1,Pleural_Thickening,0.5314581791265729,0.5604395604395604
vit_b_16,1,Pneumonia,0.6161616161616161,0.5345052083333334
vit_b_16,1,Pneumothorax,0.46212121212121215,0.19642857142857142
vit_b_16,2,Atelectasis,0.41423282599753186,0.4687416866187816
vit_b_16,2,Cardiomegaly,0.5273684210526316,0.5545216632742076
vit_b_16,2,Consolidation,0.6237373737373738,0.6178385416666666
vit_b_16,2,Edema,0.8737373737373737,0.3015075376884422
vit_b_16,2,Effusion,0.41046099290780136,0.48578947368421055
vit_b_16,2,Emphysema,0.6102564102564103,0.3261538461538461
vit_b_16,2,Fibrosis,0.5494473531122746,0.3655603655603656
vit_b_16,2,Hernia,,0.4196277495769881
vit_b_16,2,Infiltration,0.6730555555555556,0.5538014879332245
vit_b_16,2,Mass,0.2765752765752766,0.3346354166666667
vit_b_16,2,Nodule,0.5581051073279053,0.5405641174760105
vit_b_16,2,Pleural_Thickening,0.5129533678756476,0.5772283272283273
vit_b_16,2,Pneumonia,0.1994949494949495,0.6790364583333334
vit_b_16,2,Pneumothorax,0.4671717171717172,0.14668367346938774
convnext_large,5,Atelectasis,0.6392431098313451,0.6251662676243681
convnext_large,5,Cardiomegaly,0.7305263157894737,0.7199767374236696
convnext_large,5,Consolidation,0.75,0.5657552083333333
convnext_large,5,Edema,0.6212121212121212,0.8090452261306533
convnext_large,5,Effusion,0.6990248226950354,0.5636842105263158
convnext_large,5,Emphysema,0.5938461538461539,0.28205128205128205
convnext_large,5,Fibrosis,0.47062245491564864,0.7022607022607024
convnext_large,5,Hernia,,0.6598984771573604
convnext_large,5,Infiltration,0.6225,0.5909998185447287
convnext_large,5,Mass,0.5247715247715248,0.529296875
convnext_large,5,Nodule,0.4559585492227979,0.4704856062808956
convnext_large,5,Pleural_Thickening,0.5906735751295337,0.5705128205128205
convnext_large,5,Pneumonia,0.8409090909090909,0.3046875
convnext_large,5,Pneumothorax,0.5050505050505051,0.44642857142857145
vit_b_16,3,Atelectasis,0.41834635952283006,0.4679436020218143
vit_b_16,3,Cardiomegaly,0.5326315789473683,0.5463797615585926
vit_b_16,3,Consolidation,0.6313131313131313,0.6171875
vit_b_16,3,Edema,0.898989898989899,0.35678391959798994
vit_b_16,3,Effusion,0.6312056737588653,0.6573684210526316
vit_b_16,3,Emphysema,0.6328205128205129,0.3282051282051282
vit_b_16,3,Fibrosis,0.5916230366492147,0.4708994708994709
vit_b_16,3,Hernia,,0.560067681895093
vit_b_16,3,Infiltration,0.6924999999999999,0.5648702594810379
vit_b_16,3,Mass,0.25781625781625783,0.4140625
vit_b_16,3,Nodule,0.535899333826795,0.5187554521663273
vit_b_16,3,Pleural_Thickening,0.44189489267209475,0.5744810744810745
vit_b_16,3,Pneumonia,0.3484848484848485,0.55859375
vit_b_16,3,Pneumothorax,0.08080808080808077,0.37244897959183676
vit_b_16,4,Atelectasis,0.42533936651583715,0.4743282787975525
vit_b_16,4,Cardiomegaly,0.5394736842105263,0.5492875835998836
vit_b_16,4,Consolidation,0.6313131313131313,0.6009114583333334
vit_b_16,4,Edema,0.7954545454545454,0.40201005025125625
vit_b_16,4,Effusion,0.3949468085106383,0.37421052631578944
vit_b_16,4,Emphysema,0.6317948717948718,0.3364102564102564
vit_b_16,4,Fibrosis,0.5677719604421175,0.4766714766714767
vit_b_16,4,Hernia,,0.5939086294416244
vit_b_16,4,Infiltration,0.6799999999999999,0.5508982035928144
vit_b_16,4,Mass,0.38239538239538245,0.38346354166666663
vit_b_16,4,Nodule,0.4226498889711326,0.5423088107007851
vit_b_16,4,Pleural_Thickening,0.47668393782383417,0.572039072039072
vit_b_16,4,Pneumonia,0.16919191919191917,0.6927083333333334
vit_b_16,4,Pneumothorax,0.48484848484848486,0.125
vit_b_16,5,Atelectasis,0.42451665981077746,0.4772545889864326
vit_b_16,5,Cardiomegaly,0.53,0.5489968013957546
vit_b_16,5,Consolidation,0.6338383838383839,0.591796875
vit_b_16,5,Edema,0.851010101010101,0.4623115577889447
vit_b_16,5,Effusion,0.37632978723404253,0.35157894736842105
vit_b_16,5,Emphysema,0.6194871794871795,0.32512820512820517
vit_b_16,5,Fibrosis,0.5433391506689935,0.7166907166907167
vit_b_16,5,Hernia,,0.4856175972927242
vit_b_16,5,Infiltration,0.6733333333333333,0.5530756668481219
vit_b_16,5,Mass,0.6286676286676287,0.6080729166666666
vit_b_16,5,Nodule,0.5610658771280532,0.5106135504507123
vit_b_16,5,Pleural_Thickening,0.5462620281273131,0.4181929181929182
vit_b_16,5,Pneumonia,0.2651515151515152,0.6653645833333333
vit_b_16,5,Pneumothorax,0.4621212121212121,0.1683673469387755
